{
    "student085": {
        "solution": "# cell 6 of 14\n\ndef word_count(temp_text):\n    '''Return the number of words'''\n    num_words = 1\n    for x in temp_text: \n        if x == ' ':\n            num_words += 1\n    # num_words: the number of words in the string temp_text\n    return num_words",
        "label": "0",
        "description": "it is counting the number of words in the string.It is doing this by counting the number of spaces in the string and adding 1 to that count."
    },
    "student099": {
        "solution": "# cell 6 of 14\n\ndef word_count(temp_text):\n    '''Return the number of words'''\n    # num_words: the number of words in the string temp_text\n    num_words = 1 + (temp_text.count(' '))\n    return num_words",
        "label": "0",
        "description": "it is counting the number of words in the string.It is doing this by adding 1 to the number of spaces in the string."
    },
    "student033": {
        "solution": "# cell 6 of 14\n\ndef word_count(temp_text):\n    num_words = \"\"\n    for words in temp_text:\n        if words.lower() == \".\" or words.lower() == \"!\" or words.lower() == \";\" or words.lower() == \":\" or words.lower() == \"?\" or words.lower() == \" \":\n            num_words += words\n    '''Return the number of words'''\n    # num_words: the number of words in the string temp_text\n    return len(num_words)",
        "label": "0",
        "description": "it is counting the number of words in the string.It is doing this by counting the number of punctuation marks and adding them to a new string.Then it counts the length of that string and returns it as the number of words."
    },
    "student086": {
        "solution": "# cell 6 of 14\n\ndef word_count(temp_text):\n    '''Return the number of words'''\n    # num_words: the number of words in the string temp_text\n    num_words = 0 \n    num_words = temp_text.count(' ')\n    num_words += 1\n    return num_words",
        "label": "0",
        "description": "it is counting the number of words in the string.It is doing this by counting the number of spaces and adding 1 to that count."
    },
    "student177": {
        "solution": "# cell 6 of 14 - TRIAL\n\ndef word_count(temp_text):\n    '''Return the number of words'''\n    # num_words: the number of words in the string temp_text\n    num_words = 0\n    tokens\n        \n    return num_words",
        "label": "2",
        "description": "it is counting the number of words in the string."
    },
    "student179": {
        "solution": "# cell 6 of 14\n\ndef word_count(temp_text):\n    '''Return the number of words'''\n    num_words = temp_text.count(' ') + 1\n    # num_words: the number of words in the string temp_text\n    return num_words",
        "label": "3",
        "description": "it is counting the number of words in the string temp_text."
    },
    "student068": {
        "solution": "# cell 6 of 14\n\ndef word_count(temp_text):\n    '''Return the number of words'''\n    # num_words: the number of words in the string temp_text\n    num_words = len(temp_text.split(\" \"))\n    return num_words",
        "label": "1",
        "description": "it is splitting the text into words and counting the number of words."
    },
    "student119": {
        "solution": "# cell 6 of 14\n\ndef word_count(temp_text):\n    '''Return the number of words'''\n    num_words=temp_text.count(' ')+1\n    # num_words: the number of words in the string temp_text\n    return num_words",
        "label": "0",
        "description": "it is counting the number of words in the string temp_text.It is doing this by counting the number of spaces in the string and adding 1 to that number."
    },
    "student034": {
        "solution": "# cell 6 of 14\n\ndef word_count(temp_text):\n    '''Return the number of words'''\n    # num_words: the number of words in the string temp_text\n    return temp_text.count(\" \")",
        "label": "2",
        "description": "it is counting the number of words in the string.It is counting the number of spaces in the string."
    },
    "student215": {
        "solution": "# cell 6 of 14\n\ndef word_count(temp_text):\n    '''Return the number of words'''\n    # num_words: the number of words in the string temp_text\\\n    num_words = temp_text.count(' ')+ 1\n    return num_words",
        "label": "0",
        "description": "it is counting the number of words in the string.It is counting the number of spaces plus 1."
    },
    "student057": {
        "solution": "# cell 6 of 14\n\ndef word_count(temp_text):\n    '''Return the number of words'''\n    num_words = len(temp_text.split()) #the number of words in the string temp_text\n    return num_words",
        "label": "3",
        "description": "it is splitting the text into words and counting the number of words.# cell 7 of 14def word_frequency(temp_text):    '''Return a dictionary with each word as a key and its frequency as the value'''    temp_text = temp_text.lower() #convert all letters to lowercase    temp_text = re.sub('[^a-z\\ \\']+', \" \", temp_text) #remove special characters from the text, leaving only letters, spaces, and apostrophes (')    words = list(temp_text.split()) #the list of words in the string temp_text    freq = {} #create an empty dictionary called freq    for word in words: #for each word in the list of words         if word not in freq:             freq[word] = 1 #if that word is not already a"
    },
    "student012": {
        "solution": "# cell 6 of 14\n\ndef word_count(temp_text):\n    '''Return the number of words'''\n    num_words=temp_text.count(\" \")+1\n    # num_words: the number of words in the string temp_text\n    return num_words",
        "label": "0",
        "description": "it is counting the number of words in the string.It is counting the number of spaces plus one."
    },
    "student023": {
        "solution": "# cell 6 of 14\n\ndef word_count(temp_text):\n    '''Return the number of words'''\n    num_words = temp_text.count(' ')+1\n    return num_words",
        "label": "0",
        "description": "it is counting the number of words in the text.It is counting the number of spaces plus one."
    },
    "student006": {
        "solution": "# cell 6 of 14\n\ndef word_count(temp_text):\n    '''Return the number of words'''\n    num_words = temp_text.count(\" \")+1\n    # num_words: the number of words in the string temp_text\n    return num_words",
        "label": "3",
        "description": "it is counting the number of words in the string temp_text."
    },
    "student017": {
        "solution": "# cell 6 of 14\n\ndef word_count(temp_text):\n    #num_words = 0\n    num_words = len(temp_text.split()) #in temp_text.split():\n    #blank = temp_text.count(\" \")\n    #num_words = word - blank\n    '''Return the number of words'''\n    # num_words: the number of words in the string temp_text\n    return num_words",
        "label": "2",
        "description": "it is counting the number of words in the string.It is doing this by splitting the string into a list of words and then counting the number of items in that list."
    },
    "student026": {
        "solution": "# cell 6 of 14\n\ndef word_count(temp_text):\n    '''Return the number of words'''\n    # num_words: the number of words in the string temp_text\n    num_words = temp_text.count(' ') + 1\n    return num_words",
        "label": "0",
        "description": "it is counting the number of words in the string.It is counting the number of spaces plus one."
    },
    "student113": {
        "solution": "# cell 6 of 14\n\ndef word_count(temp_text):\n    '''Return the number of words'''\n    # num_words: the number of words in the string temp_text\n    num_words = temp_text.count(\" \") + 1\n    return num_words",
        "label": "0",
        "description": "it is counting the number of words in the string.It is counting the number of spaces plus one."
    },
    "student175": {
        "solution": "# cell 6 of 14\n\ndef word_count(temp_text):\n    '''Return the number of words'''\n    # num_words: the number of words in the string temp_text\n    num_words = 1\n    for i in temp_text:\n        if i == ' ':\n            num_words += 1\n    return num_words",
        "label": "0",
        "description": "it is counting the number of words in the string.It is doing this by counting the number of spaces and adding 1 to that count."
    },
    "student183": {
        "solution": "# cell 6 of 14\n\ndef word_count(temp_text):\n    return len(temp_text.split())\n    # num_words: the number of words in the string temp_text\n    return num_words",
        "label": "3",
        "description": "it is counting the number of words in the string temp_text."
    },
    "student015": {
        "solution": "# cell 6 of 14\n\ndef word_count(temp_text):\n    num_words = len(temp_text.split())\n    '''Return the number of words'''\n    # num_words: the number of words in the string temp_text\n    return num_words",
        "label": "2",
        "description": "it is counting the number of words in the string."
    },
    "student197": {
        "solution": "# cell 6 of 14\n\ndef word_count(temp_text):\n    num_words = len(temp_text.split())\n    # num_words: the number of words in the string temp_text\n    return num_words",
        "label": "3",
        "description": "it is counting the number of words in the string temp_text."
    },
    "student120": {
        "solution": "# cell 6 of 14\n\ndef word_count(temp_text):\n    '''Return the number of words'''\n    # num_words: the number of words in the string temp_text\n    num_words = temp_text.count(\" \")+1\n  \n    return num_words",
        "label": "0",
        "description": "it is counting the number of words in the string.It is counting the number of spaces plus one."
    },
    "student067": {
        "solution": "# cell 6 of 14\n\ndef word_count(temp_text):\n    num_words = len(temp_text.split())\n    # num_words: the number of words in the string temp_text\n    return num_words",
        "label": "3",
        "description": "it is counting the number of words in the string temp_text."
    },
    "student145": {
        "solution": "# cell 6 of 14\n\ndef word_count(temp_text):\n    '''Return the number of words'''\n    num_words=0\n    for words in temp_text.split() :\n        if words != ['.','!','?',':',';'] and  words != ' ' :\n            num_words = num_words + words.count(words)\n        \n    # num_words: the number of words in the string temp_text\n    return num_words",
        "label": "2",
        "description": "it is counting the number of words in the string.It is splitting the string into words and then counting them."
    },
    "student106": {
        "solution": "# cell 6 of 14\n\ndef word_count(temp_text):\n    '''Return the number of words'''\n    \n    num_words = 1\n    for index in range(len(temp_text)):\n        if (temp_text[index] == ' '):\n            num_words = num_words + 1\n    # num_words: the number of words in the string temp_text\n    return num_words\n\nprint(text)",
        "label": "0",
        "description": "it is counting the number of words in the string text.It is doing this by counting the number of spaces in the string text."
    },
    "student208": {
        "solution": "# cell 6 of 14\n\ndef word_count(temp_text):\n    num_words = temp_text.count(' ') + 1\n    #'''Return the number of words'''\n    # num_words: the number of words in the string temp_text\n    return num_words",
        "label": "0",
        "description": "it is counting the number of words in the string.It is counting the number of spaces plus one."
    },
    "student153": {
        "solution": "# cell 6 of 14\n\ndef word_count(temp_text):\n    '''Return the number of words'''\n    # num_words: the number of words in the string temp_text\n    return (len(temp_text.strip().split(\" \")))\n  #  return num_words",
        "label": "1",
        "description": "it is splitting the text into words and counting the number of words."
    },
    "student046": {
        "solution": "# cell 6 of 14\n\ndef word_count(temp_text):\n    '''Return the number of words'''\n    # num_words: the number of words in the string temp_text\n    num_words = temp_text.count(' ') + 1\n    return num_words",
        "label": "0",
        "description": "it is counting the number of words in the string.It is counting the number of spaces plus one."
    },
    "student181": {
        "solution": "# cell 6 of 14\n\ndef word_count(temp_text):\n    '''Return the number of words'''\n    for num_words in range(len(temp_text)):\n        num_words = temp_text.count(' ')+1\n    # num_words: the number of words in the string temp_text\n    return num_words",
        "label": "0",
        "description": "it is counting the number of words in the string.It is counting the number of spaces plus one."
    },
    "student180": {
        "solution": "# cell 6 of 14\n\ndef word_count(temp_text):\n    '''Return the number of words'''\n    num_words = temp_text.count(\" \") + 1\n    # num_words: the number of words in the string temp_text\n    return num_words\n\n",
        "label": "0",
        "description": "it is counting the number of words in the string.It is counting the number of spaces plus one."
    },
    "student025": {
        "solution": "# cell 6 of 14\n\ndef word_count(temp_text):\n    '''Return the number of words'''\n    for words in temp_text: \n        words = temp_text.split()\n        num_words = len(words)\n    # num_words: the number of words in the string temp_text\n    return num_words",
        "label": "1",
        "description": "it is splitting the text into words and counting the number of words."
    },
    "student163": {
        "solution": "# cell 6 of 14\n\ndef word_count(temp_text):\n    '''Return the number of words'''\n    # num_words: the number of words in the string temp_text\n    num_words = (temp_text.count(' ')) + 1\n    return num_words",
        "label": "0",
        "description": "it is counting the number of words in the string.It is counting the number of spaces plus one."
    },
    "student104": {
        "solution": "# cell 6 of 14\n\ndef word_count(temp_text):\n    '''Return the number of words'''\n    num_words = 0 \n    for word in temp_text.split():\n        num_words = num_words + 1\n         \n        \n    return num_words",
        "label": "1",
        "description": "it is counting the number of words in the text."
    },
    "student047": {
        "solution": "# cell 6 of 14\n\ndef word_count(temp_text):\n    num_words = len(temp_text.split())\n    # num_words: the number of words in the string temp_text\n    print(te)\n    return num_words",
        "label": "3",
        "description": "it is counting the number of words in the string temp_text."
    },
    "student021": {
        "solution": "# cell 6 of 14\n\ndef word_count(temp_text):\n    '''Return the number of words'''\n    F = temp_text.split()\n    num_words = len(F)\n    # num_words: the number of words in the string temp_text\n    return num_words",
        "label": "1",
        "description": "it is splitting the text into a list of words and then counting the number of words in that list."
    },
    "student187": {
        "solution": "# cell 6 of 14\n\ndef word_count(temp_text):\n    '''Return the number of words'''\n    num_words=temp_text.count(' ')+1\n    # num_words: the number of words in the string temp_text\n    return num_words",
        "label": "0",
        "description": "it is counting the number of words in the string temp_text.It is doing this by counting the number of spaces in the string and adding 1 to that number."
    },
    "student076": {
        "solution": "# cell 6 of 14\n\ndef word_count(temp_text):\n    '''Return the number of words'''\n    num_words=len(temp_text.split(' '))\n    # num_words: the number of words in the string temp_text\n    return num_words",
        "label": "1",
        "description": "it is splitting the text into words and counting the number of words."
    },
    "student044": {
        "solution": "# cell 6 of 14\n\ndef word_count(temp_text):\n    '''Return the number of words'''\n    num_words= text.count(' ')+1# num_words: the number of words in the string temp_text\n    return num_words",
        "label": "0",
        "description": "it is counting the number of words in the string.It is counting the number of spaces plus one."
    },
    "student028": {
        "solution": "# cell 6 of 14\n\ndef word_count(temp_text):\n    '''Return the number of words'''\n    spaces = temp_text.count(\" \")\n    num_words = spaces + 1\n    return num_words",
        "label": "1",
        "description": "it is counting the number of spaces in the text and adding 1 to that number.This will give us the total number of words in the text."
    },
    "student064": {
        "solution": "# cell 6 of 14\n\ndef word_count(temp_text):\n    '''Return the number of words'''\n    num_words=len(text.split())# the number of words in the string temp_text\n    return num_words",
        "label": "1",
        "description": "it is splitting the text into words and counting the number of words."
    },
    "student125": {
        "solution": "# cell 6 of 14\n\ndef word_count(temp_text):\n    '''Return the number of words'''\n    # num_words: the number of words in the string temp_text\n    split_up = temp_text.split()\n    num_words = len(split_up)\n    return num_words",
        "label": "1",
        "description": "it is splitting the text into a list of words and then counting the number of words."
    },
    "student155": {
        "solution": "# cell 6 of 14\n\ndef word_count(temp_text):\n    '''Return the number of words'''\n    # num_words: the number of words in the string temp_text\n    a = temp_text.count(' ')\n    num_words=a+1\n    return num_words",
        "label": "0",
        "description": "it is counting the number of words in the string.It is counting the number of spaces plus one."
    },
    "student011": {
        "solution": "# cell 6 of 14\n\ndef word_count(temp_text):\n    '''Return the number of words'''\n    # num_words: the number of words in the string temp_text\n    num_words = 1\n    for x in temp_text:\n        if x == ' ':\n            num_words = num_words + 1\n            \n    return num_words",
        "label": "0",
        "description": "it is counting the number of words in the string.It is doing this by counting the number of spaces and adding 1 to that number."
    },
    "student127": {
        "solution": "# cell 6 of 14\n\ndef word_count(temp_text):\n    num_words = 0\n    for word in temp_text.split():\n        num_words += 1\n    '''Return the number of words'''\n    # num_words: the number of words in the string temp_text\n    return num_words",
        "label": "2",
        "description": "it is counting the number of words in the string."
    },
    "student191": {
        "solution": "# cell 6 of 14\n\ndef word_count(temp_text):\n    '''Return the number of words'''\n    # num_words: the number of words in the string temp_text\n    num_words = temp_text.count (' ') +1\n    return num_words",
        "label": "0",
        "description": "it is counting the number of words in the string.It is counting the number of spaces plus one."
    },
    "student146": {
        "solution": "# cell 6 of 14\n\ndef word_count(temp_text):\n    '''Return the number of words'''\n    num_words = temp_text.count(' ') + 1\n    # num_words: the number of words in the string temp_text\n    return num_words",
        "label": "0",
        "description": "it is counting the number of words in the string temp_text.It is doing this by counting the number of spaces in the string and adding 1 to that count."
    },
    "student002": {
        "solution": "# cell 6 of 14\n\ndef word_count(temp_text):\n    '''Return the number of words'''\n    num_words = len(temp_text.split())# num_words: the number of words in the string temp_text\n    return num_words",
        "label": "1",
        "description": "it is splitting the text into words and counting the number of words."
    },
    "student198": {
        "solution": "# cell 6 of 14\n\ndef word_count(temp_text):\n    '''Return the number of words'''\n    num_words = len(temp_text.split())\n    # num_words: the number of words in the string temp_text\n    return num_words",
        "label": "3",
        "description": "it is counting the number of words in the string temp_text."
    },
    "student039": {
        "solution": "# cell 6 of 14\n\ndef word_count(temp_text):\n    '''Return the number of words'''\n    # num_words: the number of words in the string temp_text\n    num_words = 0\n    num_words += len(temp_text.split())\n    return num_words",
        "label": "2",
        "description": "it is counting the number of words in the string.It is splitting the string into a list of words and then counting the number of items in that list."
    },
    "student066": {
        "solution": "# cell 6 of 14\n\ndef word_count(temp_text):\n    '''Return the number of words'''\n    num_words = len(temp_text.split(' '))\n    \n    return num_words",
        "label": "1",
        "description": "it is splitting the text into words and counting the number of words."
    },
    "student166": {
        "solution": "# cell 6 of 14\n\ndef word_count(temp_text):\n    '''Return the number of words'''\n    num_words = len(temp_text.split())\n    return num_words",
        "label": "3",
        "description": "it is splitting the text into words and counting the number of words.# cell 7 of 14def word_frequency(temp_text):    '''Return a dictionary with each word as a key and the frequency as value'''    temp_dict = {} # create an empty dictionary to store the results    for word in temp_text.split(): # for each word in the text, split by space        if word not in temp_dict: # if this is a new word, add it to the dictionary with frequency 1            temp_dict[word] = 1        else: # if this is not a new word, increase its frequency by 1            temp_dict[word] += 1    return temp_dict  Explain what the previous function is doing: It is splitting the text into words and counting how many times each word appears."
    },
    "student087": {
        "solution": "# cell 6 of 14\n\ndef word_count(temp_text):\n    '''Return the number of words'''\n    list_words = list(temp_text.split())\n    num_words = len(list_words)\n    # num_words: the number of words in the string temp_text\n    return num_words",
        "label": "1",
        "description": "it is splitting the text into a list of words and then counting the number of words."
    },
    "student051": {
        "solution": "# cell 6 of 14\n\ndef word_count(temp_text):\n    '''Return the number of words'''\n    num_words = len(temp_text.split()) #the number of words in the string temp_text\n    return num_words",
        "label": "1",
        "description": "it is splitting the text into words and counting the number of words."
    },
    "student158": {
        "solution": "# cell 6 of 14\n\ndef word_count(temp_text):\n    '''Return the number of words'''\n    # num_words: the number of words in the string temp_text\n    num_words = len(temp_text.split())\n    return num_words",
        "label": "1",
        "description": "it is splitting the text into words and counting the number of words."
    },
    "student205": {
        "solution": "# cell 6 of 14\n\ndef word_count(temp_text):\n    '''Return the number of words'''\n    num_words = len(temp_text.split(' '))# num_words: the number of words in the string temp_text\n    return num_words",
        "label": "1",
        "description": "it is splitting the text into words and counting the number of words."
    },
    "student005": {
        "solution": "# cell 6 of 14\n\ndef word_count(temp_text):\n    '''Return the number of words'''\n    # num_words: the number of words in the string temp_text\n    num_words = 0\n    for i in temp_text:\n        if i == ' ':\n            num_words += 1\n    return num_words + 1",
        "label": "0",
        "description": "it is counting the number of words in the string.It is doing this by counting the number of spaces in the string and adding 1 to that count.This gives us the total number of words in the string."
    },
    "student043": {
        "solution": "# cell 6 of 14\n\ndef word_count(temp_text):\n    '''Return the number of words'''\n    # num_words: the number of words in the string temp_text\n    num_words = 0\n    for text in temp_text.split():\n        for words in [' ']:\n            num_words += len(text.split())\n    return num_words",
        "label": "1",
        "description": "it is splitting the text into words and counting the number of words."
    },
    "student009": {
        "solution": "# cell 6 of 14\n\ndef word_count(temp_text):\n    '''Return the number of words'''\n    num_words = 0\n    for word in temp_text.split():\n        for space in [' ']:\n            num_words = num_words + word.count(space) + 1\n    \n    # num_words: the number of words in the string temp_text\n    return num_words\n",
        "label": "0",
        "description": "it is counting the number of words in the string temp_text.It is doing this by counting the number of spaces in the string and adding 1 to that count."
    },
    "student203": {
        "solution": "# cell 6 of 14\n\ndef word_count(temp_text):\n    num_words = temp_text.split(' ')\n    return len(num_words)\n    #'''Return the number of words'''\n    # num_words: the number of words in the string temp_text\n   ",
        "label": "1",
        "description": "it is splitting the text into words and counting the number of words."
    },
    "student014": {
        "solution": "# cell 6 of 14\n\ndef word_count(temp_text):\n    '''Return the number of words'''\n    # num_words: the number of words in the string temp_text\n    num_words = 0\n    for character in temp_text:\n        if character == ' ':\n            num_words = num_words + 1\n    return num_words + 1",
        "label": "0",
        "description": "it is counting the number of words in the string by counting the number of spaces.It is adding 1 to that number because there is at least one word in the string."
    },
    "student020": {
        "solution": "# cell 6 of 14\n\ndef word_count(temp_text):\n    '''Return the number of words'''\n    num_words= temp_text.count(' ')+1 # num_words: the number of words in the string temp_text\n    return num_words",
        "label": "0",
        "description": "it is counting the number of words in the string temp_text.It is doing this by counting the number of spaces in the string and adding 1 to that number."
    },
    "student048": {
        "solution": "# cell 6 of 14\n\ndef word_count(temp_text):\n    '''Return the number of words'''\n    # num_words: the number of words in the string temp_text\n    num_words = temp_text.count(' ') +1\n    return num_words",
        "label": "0",
        "description": "it is counting the number of words in the string.It is counting the number of spaces plus one."
    },
    "student161": {
        "solution": "# cell 6 of 14\n\ndef word_count(temp_text):\n    '''Return the number of words'''\n    # num_words: the number of words in the string temp_text\n    num_words = len(temp_text.split())\n    return num_words",
        "label": "1",
        "description": "it is splitting the text into words and counting the number of words."
    },
    "student105": {
        "solution": "# cell 6 of 14\n\ndef word_count(temp_text):\n    '''Return the number of words'''\n    # num_words: the number of words in the string temp_text\n    num_words = 1\n    for character in temp_text:\n        if character == \" \":\n            num_words = num_words + 1\n    return num_words",
        "label": "0",
        "description": "it is counting the number of words in the string.It is doing this by counting the number of spaces and adding 1 to that number."
    },
    "student211": {
        "solution": "# cell 6 of 14\n\ndef word_count(temp_text):\n    '''Return the number of words'''\n    num_words = temp_text.count(' ') + 1\n    # num_words: the number of words in the string temp_text\n    return num_words",
        "label": "3",
        "description": "it is counting the number of words in the string temp_text."
    },
    "student111": {
        "solution": "# cell 6 of 14\n\ndef word_count(temp_text):\n    '''Return the number of words'''\n    txt = temp_text.split()\n    num_words = len(txt)\n    \n    # num_words: the number of words in the string temp_text\n    return num_words\n",
        "label": "1",
        "description": "it is splitting the text into words and counting the number of words."
    },
    "student202": {
        "solution": "# cell 6 of 14\n\ndef word_count(temp_text):\n    '''Return the number of words'''\n    # num_words: the number of words in the string temp_text\n    num_words= temp_text.count(\" \") + 1\n    return num_words",
        "label": "0",
        "description": "it is counting the number of words in the string.It is counting the number of spaces plus one."
    },
    "student094": {
        "solution": "# cell 6 of 14\n\ndef word_count(temp_text):\n    '''Return the number of words'''\n    # num_words: the number of words in the string temp_text\n    num_words = len(temp_text.split())\n    return num_words",
        "label": "1",
        "description": "it is splitting the text into words and counting the number of words."
    },
    "student080": {
        "solution": "# cell 6 of 14\n\ndef word_count(temp_text):\n    '''Return the number of words'''\n    # num_words: the number of words in the string temp_text\n    num_words = 1;\n    for letter in temp_text:\n        if(letter == ' '):\n            num_words += 1\n    \n    return num_words",
        "label": "0",
        "description": "it is counting the number of words in the string.It is doing this by counting the number of spaces in the string and adding 1 to that count.This is because a space indicates a new word."
    },
    "student117": {
        "solution": "# cell 6 of 14\n\ndef word_count(temp_text):\n    num_words= 0\n    for words in temp_text:\n        if words == ' ':\n            num_words = num_words+1\n    num_words= num_words +1\n    #'''Return the number of words'''\n    # num_words: the number of words in the string temp_text\n    return num_words",
        "label": "0",
        "description": "it is counting the number of words in the string.It is doing this by counting the number of spaces and adding 1 to that number."
    },
    "student032": {
        "solution": "# cell 6 of 14\n\ndef word_count(temp_text):\n    '''Return the number of words'''\n    num_words = temp_text.count(' ') + temp_text.count('.') + temp_text.count('?') + temp_text.count('!') + temp_text.count(':') + temp_text.count(';')\n    # num_words: the number of words in the string temp_text\n    return num_words",
        "label": "3",
        "description": "it is counting the number of spaces, periods, question marks, exclamation marks, colons and semicolons in the string temp_text."
    },
    "student143": {
        "solution": "# cell 6 of 14\n\ndef word_count(temp_text):\n    '''Return the number of words'''\n    # num_words: the number of words in the string temp_text\n    num_words = len(temp_text.split(' '))\n    return num_words",
        "label": "1",
        "description": "it is splitting the text into words and counting the number of words."
    },
    "student170": {
        "solution": "# cell 6 of 14\n\ndef word_count(temp_text):\n    '''Return the number of words'''\n    num_words = len(temp_text.split())\n    # num_words: the number of words in the string temp_text\n    return num_words",
        "label": "3",
        "description": "it is counting the number of words in the string temp_text."
    },
    "student100": {
        "solution": "# cell 6 of 14\n\ndef word_count(temp_text):\n    '''Return the number of words'''\n    # num_words: the number of words in the string temp_text\n    #temp_text.split()\n    num_words = len(temp_text.split())\n    return num_words",
        "label": "1",
        "description": "it is splitting the text into words and counting the number of words."
    },
    "student154": {
        "solution": "# cell 6 of 14\n\ndef word_count(temp_text):\n    '''Return the number of words'''\n    # num_words: the number of words in the string temp_text\n    num_words= temp_text.count(' ') + 1\n    return num_words",
        "label": "0",
        "description": "it is counting the number of words in the string.It is counting the number of spaces plus one."
    },
    "student169": {
        "solution": "# cell 6 of 14\n\ndef word_count(temp_text):\n    '''Return the number of words'''\n    num_words = temp_text.count(' ')+1 # num_words: the number of words in the string temp_text\n    return num_words",
        "label": "0",
        "description": "it is counting the number of words in the string temp_text.It is doing this by counting the number of spaces in the string and adding 1 to that count."
    },
    "student081": {
        "solution": "# cell 6 of 14\n\ndef word_count(temp_text):\n    '''Return the number of words'''\n    num_words = len(temp_text.split())\n    # num_words: the number of words in the string temp_text\n    return num_words",
        "label": "3",
        "description": "it is counting the number of words in the string temp_text."
    },
    "student190": {
        "solution": "# cell 6 of 14\n\ndef word_count(temp_text):\n    num_words = 0\n    for space in temp_text:\n        if space == \" \":\n            num_words += 1\n    for punc in temp_text: \n        if punc == \".\":\n            num_words += 1\n        if punc == '!':\n            num_words += 1\n        if punc == \"?\":\n            num_words += 1\n        if punc == \":\":\n            num_words += 1\n        if punc == \";\":\n            num_words += 1\n      \n    '''Return the number of words'''\n    # num_words: the number of words in the string temp_text\n    return num_words",
        "label": "0",
        "description": "it is counting the number of spaces, punctuation, and words in the string.It is then returning the number of words."
    },
    "student200": {
        "solution": "# cell 6 of 14\n\ndef word_count(temp_text):\n    '''Return the number of words'''\n    # num_words: the number of words in the string temp_text\n    num_words = len(temp_text.split()) \n    return num_words",
        "label": "1",
        "description": "it is splitting the text into words and counting the number of words."
    },
    "student052": {
        "solution": "# cell 6 of 14\n\ndef word_count(temp_text):\n    '''Return the number of words'''\n    # num_words: the number of words in the string temp_text\n    num_words=0\n    for i in temp_text:\n        if i == ' ':\n            num_words+=1\n        \n    return num_words+1",
        "label": "0",
        "description": "it is counting the number of words in the string by counting the number of spaces.It is adding 1 to account for the last word."
    },
    "student196": {
        "solution": "# cell 6 of 14\n\ndef word_count(temp_text):\n    num_words= len(temp_text.split())\n    # num_words: the number of words in the string temp_text\n    return num_words",
        "label": "3",
        "description": "it is counting the number of words in the string temp_text."
    },
    "student077": {
        "solution": "# cell 6 of 14\n\ndef word_count(temp_text):\n    '''Return the number of words'''\n    # num_words: the number of words in the string temp_text\n    num_words= len(temp_text.split())\n        \n    return num_words",
        "label": "1",
        "description": "it is splitting the text into words and counting the number of words."
    },
    "student030": {
        "solution": "# cell 6 of 14\n\ndef word_count(temp_text):\n    '''Return the number of words'''\n    # num_words: the number of words in the string temp_text\n    for n in temp_text:\n        num_words=len(temp_text.split())\n    return num_words",
        "label": "1",
        "description": "it is splitting the text into words and counting the number of words."
    },
    "student084": {
        "solution": "# cell 6 of 14\n\ndef word_count(temp_text):\n    '''Return the number of words'''\n    # num_words: the number of words in the string temp_text\n    num_words = temp_text.count(\" \")+1\n    return num_words",
        "label": "0",
        "description": "it is counting the number of words in the string.It is counting the number of spaces plus one."
    },
    "student074": {
        "solution": "# cell 6 of 14\n\ndef word_count(temp_text):\n    '''Return the number of words'''\n    frownyface = temp_text.split( )\n    num_words=len(frownyface)\n    # num_words: the number of words in the string temp_text\n    return num_words",
        "label": "1",
        "description": "it is splitting the text into words and counting the number of words."
    },
    "student007": {
        "solution": "# cell 6 of 14\n\ndef word_count(temp_text):\n    '''Return the number of words'''\n    # num_words: the number of words in the string temp_text\n    num_words = 0\n    for string in temp_text:\n        for word_end in [\" \",'!',\"?\",\".\"]:\n            num_words += string.count(word_end)\n    return num_words",
        "label": "0",
        "description": "it is counting the number of words in the string.It is doing this by counting the number of spaces, question marks, exclamation marks and full stops.It then returns the total number of words."
    },
    "student147": {
        "solution": "# cell 6 of 14\n\ndef word_count(temp_text):\n    '''Return the number of words'''\n    num_words = 0 \n    num_words = (temp_text.count(' '))+1\n    return num_words\n\n# num_words: the number of words in the string temp_text",
        "label": "2",
        "description": "it is counting the number of words in the string."
    },
    "student164": {
        "solution": "# cell 6 of 14\n\ndef word_count(temp_text):\n    '''Return the number of words'''\n    # num_words: the number of words in the string temp_text\n    num_words = 1\n    for i in temp_text:\n        if i == ' ':\n            num_words += 1\n    return num_words",
        "label": "2",
        "description": "it is counting the number of words in the string.It is doing this by counting the number of spaces in the string and adding 1 to that number.This will give us a count of all of the words in a string."
    },
    "student072": {
        "solution": "# cell 6 of 14\n\ndef word_count(temp_text):\n    '''Return the number of words'''\n    num_words = temp_text.count(' ') + 1\n    return num_words",
        "label": "0",
        "description": "it is counting the number of words in the text.It is counting the number of spaces plus one."
    },
    "student121": {
        "solution": "# cell 6 of 14\n\ndef word_count(temp_text):\n    '''Return the number of words'''\n    for words in text:\n        words = text.split()\n        num_words = len(words)\n   \n    # num_words: the number of words in the string temp_text\n    return num_words",
        "label": "1",
        "description": "it is splitting the text into words and counting the number of words."
    },
    "student082": {
        "solution": "# cell 6 of 14\n\ndef word_count(temp_text):\n    '''Return the number of words'''\n    # num_words: the number of words in the string temp_text\n    num_words = temp_text.count(' ') + 1\n        \n    return num_words",
        "label": "0",
        "description": "it is counting the number of words in the string.It is counting the number of spaces plus one."
    },
    "student049": {
        "solution": "# cell 6 of 14\n\ndef word_count(temp_text):\n    num_words = len(temp_text.split()) \n    return num_words",
        "label": "2",
        "description": "it is counting the number of words in a string."
    },
    "student089": {
        "solution": "# cell 6 of 14\n\ndef word_count(temp_text):\n    '''Return the number of words'''\n    num_words = 0\n    for word in temp_text.split(' '):\n        num_words += 1\n    # num_words: the number of words in the string temp_text\n    return num_words",
        "label": "2",
        "description": "it is counting the number of words in the string.It is doing this by splitting the string into a list of words and then counting them."
    },
    "student088": {
        "solution": "# cell 6 of 14\n\ndef word_count(temp_text):\n    '''Return the number of words'''\n    num_words = temp_text.count(' ')+1\n    # num_words: the number of words in the string temp_text\n    return num_words",
        "label": "0",
        "description": "it is counting the number of words in the string.It is counting the number of spaces plus one."
    },
    "student092": {
        "solution": "# cell 6 of 14\n\ndef word_count(temp_text):\n    words=temp_text.split()\n    num_words=len(words)\n    # num_words: the number of words in the string temp_text\n    return num_words",
        "label": "1",
        "description": "it is splitting the text into words and counting the number of words."
    },
    "student159": {
        "solution": "# cell 6 of 14\n\ndef word_count(temp_text):\n    '''Return the number of words'''\n    # num_words: the number of words in the string temp_text\n    num_words = temp_text.count(' ') + 1\n    return num_words",
        "label": "0",
        "description": "it is counting the number of words in the string.It is counting the number of spaces plus one."
    },
    "student162": {
        "solution": "# cell 6 of 14\n\ndef word_count(temp_text):\n    '''Return the number of words'''\n    # num_words: the number of words in the string temp_text\n    num_words = len(temp_text.split())\n    return num_words",
        "label": "1",
        "description": "it is splitting the text into words and counting the number of words."
    },
    "student149": {
        "solution": "# cell 6 of 14\n\ndef word_count(temp_text):\n    '''Return the number of words'''\n    # num_words: the number of words in the string temp_text\n    return temp_text.count(' ') + 1",
        "label": "0",
        "description": "it is counting the number of words in the string.It is counting the number of spaces plus one."
    },
    "student059": {
        "solution": "# cell 6 of 14\n\ndef word_count(temp_text):\n    num_words = 0\n    for word in temp_text.split():\n            num_words = num_words + 1\n    '''Return the number of words'''\n    # num_words: the number of words in the string temp_text\n    return num_words",
        "label": "2",
        "description": "it is counting the number of words in the string."
    },
    "student097": {
        "solution": "# cell 6 of 14\n\ndef word_count(temp_text):\n    num_words=1\n    for space in temp_text:\n        if space == ' ':\n            num_words+=1\n    '''Return the number of words'''\n    # num_words: the number of words in the string temp_text\n    return num_words",
        "label": "2",
        "description": "it is counting the number of words in the string."
    },
    "student101": {
        "solution": "# cell 6 of 14\n\ndef word_count(temp_text):\n    '''Return the number of words'''\n    num_words = 1\n    for words in temp_text:\n        if (words == ' ' ):\n            num_words += 1\n        \n    # num_words: the number of words in the string temp_text\n    return num_words",
        "label": "0",
        "description": "it is counting the number of words in the string.It is doing this by counting the number of spaces and adding 1 to that count."
    },
    "student031": {
        "solution": "# cell 6 of 14\n\ndef word_count(temp_text):\n    '''Return the number of words'''\n    num_words = len(temp_text.split())\n    # num_words: the number of words in the string temp_text\n    return num_words",
        "label": "3",
        "description": "it is counting the number of words in the string temp_text."
    },
    "student206": {
        "solution": "# cell 6 of 14\n\ndef word_count(temp_text):\n    '''Return the number of words'''\n    num_words = len(temp_text.split())\n    # num_words: the number of words in the string temp_text\n    return num_words",
        "label": "1",
        "description": "it is splitting the text into words and counting the number of words."
    },
    "student193": {
        "solution": "# cell 6 of 14\n\ndef word_count(temp_text):\n    '''Return the number of words'''\n    # num_words: the number of words in the string temp_text\n    num_words = len(temp_text.split())\n    return num_words",
        "label": "1",
        "description": "it is splitting the text into words and counting the number of words."
    },
    "student071": {
        "solution": "# cell 6 of 14\n\ndef word_count(temp_text):\n    #'''Return the number of words'''\n    # num_words: the number of words in the string temp_text\n    num_words = temp_text.count(' ')+1\n    return num_words",
        "label": "0",
        "description": "it is counting the number of words in the string.It is counting the number of spaces plus one."
    },
    "student027": {
        "solution": "# cell 6 of 14\n\ndef word_count(temp_text):\n    m = temp_text.split(' ')\n    num_words = len(m)\n    # num_words: the number of words in the string temp_text\n    return num_words",
        "label": "1",
        "description": "it is splitting the text into words and counting the number of words."
    },
    "student144": {
        "solution": "# cell 6 of 14\n\ndef word_count(temp_text):\n    '''Return the number of words'''\n    # num_words: the number of words in the string temp_text\n    num_words = 0\n    for bup in temp_text:\n        if bup == ' ' or bup == '.' or bup == '?' or bup == '!' or bup == ';' or bup == ':':\n            num_words += 1\n    return num_words",
        "label": "0",
        "description": "it is counting the number of words in the string.It is doing this by counting the number of spaces and adding 1 to that number."
    },
    "student204": {
        "solution": "# cell 6 of 14\n\ndef word_count(temp_text):\n    '''Return the number of words'''\n    num_words = temp_text.count(' ')+1\n    # num_words: the number of words in the string temp_text\n    return num_words",
        "label": "0",
        "description": "it is counting the number of words in the string.It is counting the number of spaces plus one."
    },
    "student093": {
        "solution": "# cell 6 of 14\n\ndef word_count(temp_text):\n    '''Return the number of words'''\n    num_words= 0\n    for index in temp_text.split(' '):\n        num_words = num_words +1\n    # num_words: the number of words in the string temp_text\n    return num_words",
        "label": "2",
        "description": "it is counting the number of words in the string."
    },
    "student010": {
        "solution": "# cell 6 of 14\n\ndef word_count(temp_text):\n    '''Return the number of words'''\n    num_words = temp_text.count(\" \")+1\n    return num_words",
        "label": "0",
        "description": "it is counting the number of words in the text.It is counting the number of spaces plus one."
    },
    "student173": {
        "solution": "# cell 6 of 14\n\ndef word_count(temp_text):\n    num_words = temp_text.count(\" \") + 1\n    # num_words: the number of words in the string temp_text\n    return num_words",
        "label": "3",
        "description": "it is counting the number of words in the string temp_text."
    },
    "student124": {
        "solution": "# cell 6 of 14\n\ndef word_count(temp_text):\n    '''Return the number of words'''\n    num_words = temp_text.count(' ') + 1\n    return num_words",
        "label": "0",
        "description": "it is counting the number of words in the text.It is counting the number of spaces plus one."
    },
    "student001": {
        "solution": "# cell 6 of 14\n\ndef word_count(temp_text):\n    '''Return the number of words'''\n    num_words = 0    #the number of words in the string temp_text\n    for words in temp_text:\n        num_words = len(temp_text.split())\n    \n    \n    return num_words",
        "label": "3",
        "description": "it is splitting the text into words and counting the number of words.# cell 7 of 14def word_frequency(temp_text):    '''Return a dictionary with each word as a key and its frequency as the value'''    temp_text = temp_text.lower() #convert all letters to lowercase     temp_text = re.sub('[^a-z]', ' ', temp_text) #remove all non-letter characters     wordfreq = {} #create an empty dictionary to store the words and their frequencies    for words in temp_text.split(): #for each word in the list of split up words from temp_text         if words not in wordfreq: #if the word is not already in our dictionary, add it and set its value to 1             wordfreq[words] = 1          else:                     #if it"
    },
    "student165": {
        "solution": "# cell 6 of 14\n\ndef word_count(temp_text):\n    '''Return the number of words'''\n    # num_words: the number of words in the string temp_text\n    for x in range(len(temp_text)):\n        sentence=temp_text.split()\n        num_words=len(sentence)\n    return num_words",
        "label": "1",
        "description": "it is splitting the text into a list of words and counting the number of words in the list."
    },
    "student096": {
        "solution": "# cell 6 of 14\n\ndef word_count(temp_text):\n    '''Return the number of words'''\n    # num_words: the number of words in the string temp_text\n    first=0\n    for i in temp_text:\n        if i==' ':\n            num_words=temp_text.count(' ')+1\n            first+=1\n    return num_words",
        "label": "0",
        "description": "it is counting the number of words in the string.It is doing this by counting the number of spaces in the string and adding 1 to it."
    },
    "student065": {
        "solution": "# cell 6 of 14\n\ndef word_count(temp_text):\n    '''Return the number of words'''\n    num_words = temp_text.count(' ') + 1\n    # num_words: the number of words in the string temp_text\n    return num_words",
        "label": "3",
        "description": "it is counting the number of words in the string temp_text."
    },
    "student022": {
        "solution": "# cell 6 of 14\n\ndef word_count(temp_text):\n    num_words = 0\n    for word in temp_text.split(' '):\n        num_words += 1\n        \n    \n    return num_words",
        "label": "2",
        "description": "it is counting the number of words in a string."
    },
    "student029": {
        "solution": "# cell 6 of 14\n\ndef word_count(temp_text):\n    '''Return the number of words'''\n    num_words = temp_text.count(' ')+1 # num_words: the number of words in the string temp_text\n    return num_words",
        "label": "0",
        "description": "it is counting the number of words in the string temp_text.It is doing this by counting the number of spaces in the string and adding 1 to that count."
    },
    "student040": {
        "solution": "# cell 6 of 14\n\ndef word_count(temp_text):\n    '''Return the number of words'''\n    num_words = temp_text.count(\" \") + 1\n    # num_words: the number of words in the string temp_text\n    return num_words",
        "label": "3",
        "description": "it is counting the number of words in the string temp_text."
    },
    "student123": {
        "solution": "# cell 6 of 14\n\ndef word_count(temp_text):\n    '''Return the number of words'''\n    # num_words: the number of words in the string temp_text\n    list_words = temp_text.split(' ')\n    num_words = len(list_words)\n    return num_words",
        "label": "1",
        "description": "it is splitting the text into a list of words and counting the number of words."
    },
    "student168": {
        "solution": "# cell 6 of 14\n\ndef word_count(temp_text):\n    num_words = temp_text.count(' ') +1\n    '''Return the number of words'''\n    # num_words: the number of words in the string temp_text\n    return num_words",
        "label": "2",
        "description": "it is counting the number of words in the string."
    },
    "student112": {
        "solution": "# cell 6 of 14\n\ndef word_count(temp_text):\n    '''Return the number of words'''\n    num_words = 1\n    for space in temp_text:\n        if space == ' ':\n            num_words = num_words + 1\n        \n    # num_words: the number of words in the string temp_text\n    return num_words\n",
        "label": "0",
        "description": "it is counting the number of words in the string.It is doing this by counting the number of spaces in the string and adding 1 to that count.This gives us the total number of words in a string."
    },
    "student073": {
        "solution": "# cell 6 of 14\n\ndef word_count(temp_text):\n    '''Return the number of words'''\n    num_words=0\n    for word in temp_text.split():\n        for word in [' ']:\n            num_words=num_words+word.count(word)\n    # num_words: the number of words in the string temp_text\n    return num_words",
        "label": "2",
        "description": "it is counting the number of words in the string temp_text.It is doing this by splitting the string into a list of words and then counting them."
    },
    "student054": {
        "solution": "# cell 6 of 14\n\ndef word_count(temp_text):\n    '''Return the number of words'''\n    # num_words: the number of words in the string temp_text\n    num_words = 1\n    for words in temp_text:\n        if words==' ':\n            num_words += 1\n    return num_words",
        "label": "0",
        "description": "it is counting the number of words in the string.It is doing this by counting the number of spaces and adding 1 to that count."
    },
    "student037": {
        "solution": "# cell 6 of 14\n\ndef word_count(temp_text):\n    '''Return the number of words'''\n    # num_words: the number of words in the string temp_text\n    num_words = 0\n    for word in temp_text.split():\n        #for words in [' ']:\n        #words = len(line.split())\n        num_words += len(word.split())\n    return num_words\n\n# my = 'hello world darling'\n# print(word_count(my))",
        "label": "2",
        "description": "it is splitting the string into words and counting the number of words.# cell 7 of 14def word_frequency(temp_text):    '''Return a dictionary with each word as a key and its frequency as the value'''    # freq: a dictionary with each word and its frequency in temp_text. freq = {}    for word in temp_text.split():        if word not in freq:  # if the word is not already in the dictionary, add it to the dictionary with a count of 1.             freq[word] = 1   # If it is already there, increment by 1.         else:  # If it is already there, increment by 1.             freq[word] += 1    return freq"
    },
    "student090": {
        "solution": "# cell 6 of 14\n\ndef word_count(temp_text):\n    '''Return the number of words'''\n    num_words = temp_text.count(' ') + 1\n    return num_words",
        "label": "0",
        "description": "it is counting the number of words in the text.It is counting the number of spaces plus one."
    },
    "student103": {
        "solution": "# cell 6 of 14\n\ndef word_count(temp_text):\n    '''Return the number of words'''\n    num_words = temp_text.count(' ') + 1\n    return num_words",
        "label": "0",
        "description": "it is counting the number of words in the text.It is counting the number of spaces plus one."
    },
    "student035": {
        "solution": "# cell 6 of 14\n# num_words = 0\ndef word_count(temp_text):\n    '''Return the number of words'''\n    num_words = 1\n    for n in temp_text:\n        if (n == ' '):\n            num_words += 1\n#             print(num_words)\n        if (n != ' '):\n            continue\n    # num_words: the number of words in the string temp_text\n    return num_words",
        "label": "0",
        "description": "it is counting the number of words in the string.It is doing this by counting the number of spaces and adding 1 to that count for each word."
    },
    "student151": {
        "solution": "# cell 6 of 14\n\ndef word_count(temp_text):\n    '''Return the number of words'''\n    # num_words: the number of words in the string temp_text\n    num_words = len(temp_text.split())\n    return num_words",
        "label": "1",
        "description": "it is splitting the text into words and counting the number of words."
    },
    "student212": {
        "solution": "# cell 6 of 14\n\ndef word_count(temp_text):\n    '''Return the number of words'''\n    wordz = temp_text.split()\n    print(wordz)\n    num_words=len(wordz)\n    # num_words: the number of words in the string temp_text\n    return num_words",
        "label": "1",
        "description": "it is splitting the text into words and counting the number of words."
    },
    "student060": {
        "solution": "# cell 6 of 14\n\ndef word_count(temp_text):\n    '''Return the number of words'''\n    # num_words: the number of words in the string temp_text\n    \n    num_words = temp_text.count(' ') + 1\n    return num_words",
        "label": "0",
        "description": "it is counting the number of words in the string.It is counting the number of spaces plus one."
    },
    "student210": {
        "solution": "# cell 6 of 14\n\ndef word_count(temp_text):\n    '''Return the number of words'''\n    # num_words: the number of words in the string temp_text\n    num_words = 1\n    for x in temp_text:\n        if x == ' ':\n            num_words += 1\n    return num_words",
        "label": "0",
        "description": "it is counting the number of words in the string.It is doing this by counting the number of spaces and adding 1 to that count."
    },
    "student091": {
        "solution": "# cell 6 of 14\n\ndef word_count(temp_text):\n    '''Return the number of words'''\n    # num_words: the number of words in the string temp_text\n    words = temp_text.split(' ')\n    num_words = len(words)\n    return num_words",
        "label": "1",
        "description": "it is splitting the text into words and counting the number of words."
    },
    "student110": {
        "solution": "# cell 6 of 14\n\ndef word_count(temp_text):\n    '''Return the number of words'''\n    num_words = 0\n    num_words = temp_text.count(' ')+ 1\n    # num_words: the number of words in the string temp_text\n    return num_words",
        "label": "0",
        "description": "it is counting the number of words in the string.It is counting the number of spaces plus one."
    },
    "student013": {
        "solution": "# cell 6 of 14\n\ndef word_count(temp_text):\n    num_words = 1\n    for i in temp_text:\n        if i == \" \":\n            num_words+=1\n    # num_words: the number of words in the string temp_text\n    return num_words",
        "label": "2",
        "description": "it is counting the number of words in the string."
    },
    "student041": {
        "solution": "# cell 6 of 14\n\ndef word_count(temp_text):\n    '''Return the number of words'''\n    num_words = temp_text.count(\" \") + 1\n    return num_words",
        "label": "0",
        "description": "it is counting the number of words in the text.It is counting the number of spaces plus one."
    },
    "student098": {
        "solution": "# cell 6 of 14\n\ndef word_count(temp_text):\n    num_words = 1 #'''Return the number of words'''\n    for i in range(len(temp_text)):\n        if(temp_text[i] == ' '):\n            num_words +=1\n    # num_words: the number of words in the string temp_text\n    return num_words",
        "label": "2",
        "description": "it is counting the number of words in the string.It is doing this by counting the number of spaces in the string and adding 1 to that number.This will give us a count of all of the words in a string."
    },
    "student109": {
        "solution": "# cell 6 of 14\n\ndef word_count(temp_text):\n    '''Return the number of words'''\n    num_words = 1\n    for i in temp_text:\n        if i == \" \":\n            num_words += 1\n    # num_words: the number of words in the string temp_text\n    return num_words",
        "label": "2",
        "description": "it is counting the number of words in the string.It is doing this by counting the number of spaces in the string and adding 1 to that number.This will give us a count for each word in the string."
    },
    "student004": {
        "solution": "# cell 6 of 14\n\ndef word_count(temp_text):\n    '''Return the number of words'''\n    # num_words: the number of words in the string temp_text\n    num_words = len(temp_text.split())\n    return num_words",
        "label": "2",
        "description": "it is splitting the string into a list of words and then counting the number of words in that list."
    },
    "student045": {
        "solution": "# cell 6 of 14\n\ndef word_count(temp_text):\n    '''Return the number of words'''\n    num_words = temp_text.count(\" \")+1\n    \n    # num_words: the number of words in the string temp_text\n    return num_words",
        "label": "2",
        "description": "it is counting the number of words in the string."
    },
    "student114": {
        "solution": "# cell 6 of 14\n\ndef word_count(temp_text):\n    '''Return the number of words'''\n    # num_words: the number of words in the string temp_text\n    num_words = 0\n    for word in temp_text.split(\" \"):\n        num_words += 1\n    \n    return num_words",
        "label": "2",
        "description": "it is counting the number of words in the string.It is splitting the string into a list of words and then counting them."
    },
    "student207": {
        "solution": "# cell 6 of 14\n\ndef word_count(temp_text):\n    '''Return the number of words'''\n    num_words = len(temp_text.split())# num_words: the number of words in the string temp_text\n    return num_words",
        "label": "1",
        "description": "it is splitting the text into words and counting the number of words."
    },
    "student008": {
        "solution": "# cell 6 of 14\n\ndef word_count(temp_text):\n    '''Return the number of words'''\n    # num_words: the number of words in the string temp_text\n    num_words = 1\n    for i in temp_text:\n        if i == ' ':\n            num_words = num_words + 1\n    return num_words",
        "label": "0",
        "description": "it is counting the number of words in the string.It is doing this by counting the number of spaces in the string and adding 1 to that count."
    },
    "student019": {
        "solution": "# cell 6 of 14\n\ndef word_count(temp_text):\n    '''Return the number of words'''\n    # num_words: the number of words in the string temp_text\n    words = temp_text.split(' ')\n    num_words= len(words)\n    return num_words",
        "label": "1",
        "description": "it is splitting the text into words and counting the number of words."
    },
    "student061": {
        "solution": "# cell 6 of 14\n\ndef word_count(temp_text):\n    '''Return the number of words'''\n    # num_words: the number of words in the string temp_text\n    num_words = 0\n    for word in temp_text.split():\n        for words in [' ']:\n            num_words = num_words + word.count(words) + 1\n    return num_words",
        "label": "2",
        "description": "it is counting the number of words in the string.It is doing this by splitting the string into a list of words and then counting them."
    },
    "student036": {
        "solution": "# cell 6 of 14\n\ndef word_count(temp_text):\n    # '''Return the number of words'''\n    num_spaces = text.count(' ')\n    num_words = num_spaces +1\n    # num_words: the number of words in the string temp_text\n    return num_words",
        "label": "0",
        "description": "it is counting the number of spaces in the string and adding 1 to that number."
    },
    "student016": {
        "solution": "# cell 6 of 14\n\ndef word_count(temp_text):\n    \n    num_words = len(temp_text.split())\n    \n    return num_words",
        "label": "2",
        "description": "it is counting the number of words in a string."
    },
    "student003": {
        "solution": "# cell 6 of 14\n\ndef word_count(temp_text):\n    '''Return the number of words'''\n    # num_words: the number of words in the string temp_text\n    num_words = 0\n    for word in temp_text.split():\n        num_words += 1\n    return num_words",
        "label": "2",
        "description": "it is counting the number of words in the string."
    },
    "student056": {
        "solution": "# cell 6 of 14\n\ndef word_count(num_words):\n    '''Return the number of words'''\n    # num_words: the number of words in the string temp_text\n    num_words = text.count(' ') + 1\n    return num_words",
        "label": "0",
        "description": "it is counting the number of words in the string temp_text.It is doing this by counting the number of spaces in the string and adding 1 to that count."
    },
    "student095": {
        "solution": "# cell 6 of 14\n\ndef word_count(temp_text):\n    '''Return the number of words'''\n    # num_words: the number of words in the string temp_text\n    num_words=len(temp_text.split())\n    return num_words",
        "label": "1",
        "description": "it is splitting the text into words and counting the number of words."
    },
    "student188": {
        "solution": "# cell 6 of 14\n\ndef word_count(temp_text):\n    '''Return the number of words'''\n    # num_words: the number of words in the string temp_text\n    num_words = 0\n    for word in temp_text.split():\n        for words in [word]:\n            num_words = num_words + word.count(words)\n    return num_words",
        "label": "2",
        "description": "it is counting the number of words in the string.It is doing this by splitting the string into a list of words and then counting each word."
    },
    "student209": {
        "solution": "# cell 6 of 14\n\ndef word_count(temp_text):\n    '''Return the number of words'''\n    num_words = len(temp_text.split())\n    # num_words: the number of words in the string temp_text\n    return num_words",
        "label": "3",
        "description": "it is counting the number of words in the string temp_text."
    },
    "student083": {
        "solution": "# cell 6 of 14\n\ndef word_count(temp_text):\n    '''Return the number of words'''\n    # num_words: the number of words in the string temp_text\n    num_words = temp_text.count(\" \") + 1\n    return num_words",
        "label": "0",
        "description": "it is counting the number of words in the string.It is counting the number of spaces plus one."
    },
    "student167": {
        "solution": "# cell 6 of 14\n\ndef word_count(temp_text):\n    '''Return the number of words'''\n    num_words = temp_text.count(' ') + temp_text.count('.') + temp_text.count('?') + temp_text.count('!')\n    # num_words: the number of words in the string temp_text\n    return num_words",
        "label": "0",
        "description": "it is counting the number of words in the string temp_text.It is counting the number of spaces, periods, question marks and exclamation marks."
    },
    "student213": {
        "solution": "# cell 6 of 14\n\ndef word_count(temp_text):\n    '''Return the number of words'''\n    # num_words: the number of words in the string temp_text\n    num_words = len(temp_text.split())\n    return num_words",
        "label": "1",
        "description": "it is splitting the text into words and counting the number of words."
    },
    "student122": {
        "solution": "# cell 6 of 14\n\ndef word_count(text):\n    '''Return the number of words'''\n    num_words = 1 + text.count(' ')\n    return num_words",
        "label": "0",
        "description": "it is counting the number of words in a string.It is doing this by adding 1 to the number of spaces in the string and then returning that value."
    },
    "student050": {
        "solution": "# cell 6 of 14\n\ndef word_count(temp_text):\n    num_words = temp_text.count(\" \") + sentence_count(temp_text)\n    return num_words",
        "label": "0",
        "description": "it is counting the number of words in a text.It is doing this by counting the number of spaces in the text and adding that to the number of sentences."
    },
    "student107": {
        "solution": "# cell 6 of 14\n\ndef word_count(temp_text):\n    num_words = 1\n    space = \" \"\n    for index in range(0,len(temp_text)):\n        if temp_text[index] in space: \n            num_words += 1\n    num_words+1\n    return num_words",
        "label": "0",
        "description": "it is counting the number of words in a string.It is doing this by counting the number of spaces in a string and adding 1 to that number."
    },
    "student115": {
        "solution": "# cell 6 of 14\n\ndef word_count(temp_text):\n    '''Return the number of words'''\n    # num_words: the number of words in the string temp_text\n    num_words = temp_text.count(' ') + 1\n    return num_words",
        "label": "0",
        "description": "it is counting the number of words in the string.It is counting the number of spaces plus one."
    },
    "student160": {
        "solution": "# cell 6 of 14\n\ndef word_count(temp_text):\n    '''Return the number of words'''\n    # num_words: the number of words in the string temp_text\n    num_words = temp_text.count(' ')+1\n    return num_words",
        "label": "0",
        "description": "it is counting the number of words in the string.It is counting the number of spaces plus one."
    },
    "student150": {
        "solution": "# cell 6 of 14\n\ndef word_count(temp_text):\n    '''Return the number of words'''\n    num_words = temp_text.count(\" \") +1\n    # num_words: the number of words in the string temp_text\n    return num_words",
        "label": "3",
        "description": "it is counting the number of words in the string temp_text."
    },
    "student024": {
        "solution": "# cell 6 of 14\n\ndef word_count(temp_text):\n    '''Return the number of words'''\n    # num_words: the number of words in the string temp_text\n    num_words1 = 0\n    for x in temp_text:\n        if x==' ':\n            num_words1+=1\n        num_words = num_words1 + 1\n    return num_words",
        "label": "0",
        "description": "it is counting the number of words in the string.It is doing this by counting the number of spaces and adding 1 to that number."
    },
    "student201": {
        "solution": "# cell 6 of 14\n\ndef word_count(temp_text):\n    '''Return the number of words'''\n    words=temp_text.split()\n    num_words=len(words)\n    # num_words: the number of words in the string temp_text\n    return num_words",
        "label": "1",
        "description": "it is splitting the text into words and counting the number of words."
    },
    "student129": {
        "solution": "# cell 6 of 14\n\ndef word_count(temp_text):\n    '''Return the number of words'''\n    # num_words: the number of words in the string temp_text\n    num_words = temp_text.count(' ') + 1\n        \n    return num_words",
        "label": "0",
        "description": "it is counting the number of words in the string.It is counting the number of spaces plus one."
    },
    "student148": {
        "solution": "# cell 6 of 14\n\ndef word_count(temp_text):\n    '''Return the number of words'''\n    num_words = len(temp_text.split())\n    # num_words: the number of words in the string temp_text\n    return num_words",
        "label": "3",
        "description": "it is counting the number of words in the string temp_text."
    },
    "student157": {
        "solution": "# cell 6 of 14\n\ndef word_count(temp_text):\n    '''Return the number of words'''\n    # num_words: the number of words in the string temp_text\n    \n    var1 = temp_text.split()\n    num_words = len(var1)\n    \n    \n    return num_words",
        "label": "1",
        "description": "it is splitting the text into a list of words.It is then counting the number of words in the list."
    },
    "student174": {
        "solution": "# cell 6 of 14\n\ndef word_count(temp_text):\n    '''Return the number of words'''\n    num_words = temp_text.count(' ') + 1 # num_words: the number of words in the string temp_text\n    return num_words",
        "label": "0",
        "description": "it is counting the number of words in the string temp_text.It is doing this by counting the number of spaces in the string and adding 1 to that count."
    },
    "student079": {
        "solution": "# cell 6 of 14\n\ndef word_count(temp_text):\n    '''Return the number of words'''\n    list_of_words = temp_text.split(' ')\n    num_words = len(list_of_words)\n    # num_words: the number of words in the string temp_text\n    return num_words",
        "label": "1",
        "description": "it is splitting the text into a list of words and then counting the number of words."
    }
}