{
    "student085": {
        "solution": "# cell 6 of 14\n\ndef word_count(temp_text):\n    '''Return the number of words'''\n    num_words = 1\n    for x in temp_text: \n        if x == ' ':\n            num_words += 1\n    # num_words: the number of words in the string temp_text\n    return num_words",
        "label": "",
        "label_order1": "1",
        "label_order2": "1"
    },
    "student099": {
        "solution": "# cell 6 of 14\n\ndef word_count(temp_text):\n    '''Return the number of words'''\n    # num_words: the number of words in the string temp_text\n    num_words = 1 + (temp_text.count(' '))\n    return num_words",
        "label": "",
        "label_order1": "2",
        "label_order2": "2"
    },
    "student033": {
        "solution": "# cell 6 of 14\n\ndef word_count(temp_text):\n    num_words = \"\"\n    for words in temp_text:\n        if words.lower() == \".\" or words.lower() == \"!\" or words.lower() == \";\" or words.lower() == \":\" or words.lower() == \"?\" or words.lower() == \" \":\n            num_words += words\n    '''Return the number of words'''\n    # num_words: the number of words in the string temp_text\n    return len(num_words)",
        "label": "",
        "label_order1": "4",
        "label_order2": "4"
    },
    "student086": {
        "solution": "# cell 6 of 14\n\ndef word_count(temp_text):\n    '''Return the number of words'''\n    # num_words: the number of words in the string temp_text\n    num_words = 0 \n    num_words = temp_text.count(' ')\n    num_words += 1\n    return num_words",
        "label": "",
        "label_order1": "2",
        "label_order2": "2"
    },
    "student177": {
        "solution": "# cell 6 of 14 - TRIAL\n\ndef word_count(temp_text):\n    '''Return the number of words'''\n    # num_words: the number of words in the string temp_text\n    num_words = 0\n    tokens\n        \n    return num_words",
        "label": "",
        "label_order1": "4",
        "label_order2": "4"
    },
    "student179": {
        "solution": "# cell 6 of 14\n\ndef word_count(temp_text):\n    '''Return the number of words'''\n    num_words = temp_text.count(' ') + 1\n    # num_words: the number of words in the string temp_text\n    return num_words",
        "label": "",
        "label_order1": "2",
        "label_order2": "2"
    },
    "student068": {
        "solution": "# cell 6 of 14\n\ndef word_count(temp_text):\n    '''Return the number of words'''\n    # num_words: the number of words in the string temp_text\n    num_words = len(temp_text.split(\" \"))\n    return num_words",
        "label": "",
        "label_order1": "3",
        "label_order2": "3"
    },
    "student119": {
        "solution": "# cell 6 of 14\n\ndef word_count(temp_text):\n    '''Return the number of words'''\n    num_words=temp_text.count(' ')+1\n    # num_words: the number of words in the string temp_text\n    return num_words",
        "label": "",
        "label_order1": "2",
        "label_order2": "2"
    },
    "student034": {
        "solution": "# cell 6 of 14\n\ndef word_count(temp_text):\n    '''Return the number of words'''\n    # num_words: the number of words in the string temp_text\n    return temp_text.count(\" \")",
        "label": "",
        "label_order1": "2",
        "label_order2": "2"
    },
    "student215": {
        "solution": "# cell 6 of 14\n\ndef word_count(temp_text):\n    '''Return the number of words'''\n    # num_words: the number of words in the string temp_text\\\n    num_words = temp_text.count(' ')+ 1\n    return num_words",
        "label": "",
        "label_order1": "2",
        "label_order2": "2"
    },
    "student057": {
        "solution": "# cell 6 of 14\n\ndef word_count(temp_text):\n    '''Return the number of words'''\n    num_words = len(temp_text.split()) #the number of words in the string temp_text\n    return num_words",
        "label": "",
        "label_order1": "3",
        "label_order2": "3"
    },
    "student012": {
        "solution": "# cell 6 of 14\n\ndef word_count(temp_text):\n    '''Return the number of words'''\n    num_words=temp_text.count(\" \")+1\n    # num_words: the number of words in the string temp_text\n    return num_words",
        "label": "",
        "label_order1": "2",
        "label_order2": "2"
    },
    "student023": {
        "solution": "# cell 6 of 14\n\ndef word_count(temp_text):\n    '''Return the number of words'''\n    num_words = temp_text.count(' ')+1\n    return num_words",
        "label": "",
        "label_order1": "2",
        "label_order2": "2"
    },
    "student006": {
        "solution": "# cell 6 of 14\n\ndef word_count(temp_text):\n    '''Return the number of words'''\n    num_words = temp_text.count(\" \")+1\n    # num_words: the number of words in the string temp_text\n    return num_words",
        "label": "",
        "label_order1": "2",
        "label_order2": "2"
    },
    "student017": {
        "solution": "# cell 6 of 14\n\ndef word_count(temp_text):\n    #num_words = 0\n    num_words = len(temp_text.split()) #in temp_text.split():\n    #blank = temp_text.count(\" \")\n    #num_words = word - blank\n    '''Return the number of words'''\n    # num_words: the number of words in the string temp_text\n    return num_words",
        "label": "",
        "label_order1": "3",
        "label_order2": "3"
    },
    "student026": {
        "solution": "# cell 6 of 14\n\ndef word_count(temp_text):\n    '''Return the number of words'''\n    # num_words: the number of words in the string temp_text\n    num_words = temp_text.count(' ') + 1\n    return num_words",
        "label": "",
        "label_order1": "2",
        "label_order2": "2"
    },
    "student113": {
        "solution": "# cell 6 of 14\n\ndef word_count(temp_text):\n    '''Return the number of words'''\n    # num_words: the number of words in the string temp_text\n    num_words = temp_text.count(\" \") + 1\n    return num_words",
        "label": "",
        "label_order1": "2",
        "label_order2": "2"
    },
    "student175": {
        "solution": "# cell 6 of 14\n\ndef word_count(temp_text):\n    '''Return the number of words'''\n    # num_words: the number of words in the string temp_text\n    num_words = 1\n    for i in temp_text:\n        if i == ' ':\n            num_words += 1\n    return num_words",
        "label": "",
        "label_order1": "1",
        "label_order2": "1"
    },
    "student183": {
        "solution": "# cell 6 of 14\n\ndef word_count(temp_text):\n    return len(temp_text.split())\n    # num_words: the number of words in the string temp_text\n    return num_words",
        "label": "",
        "label_order1": "3",
        "label_order2": "3"
    },
    "student015": {
        "solution": "# cell 6 of 14\n\ndef word_count(temp_text):\n    num_words = len(temp_text.split())\n    '''Return the number of words'''\n    # num_words: the number of words in the string temp_text\n    return num_words",
        "label": "",
        "label_order1": "3",
        "label_order2": "3"
    },
    "student197": {
        "solution": "# cell 6 of 14\n\ndef word_count(temp_text):\n    num_words = len(temp_text.split())\n    # num_words: the number of words in the string temp_text\n    return num_words",
        "label": "",
        "label_order1": "3",
        "label_order2": "3"
    },
    "student120": {
        "solution": "# cell 6 of 14\n\ndef word_count(temp_text):\n    '''Return the number of words'''\n    # num_words: the number of words in the string temp_text\n    num_words = temp_text.count(\" \")+1\n  \n    return num_words",
        "label": "",
        "label_order1": "2",
        "label_order2": "2"
    },
    "student067": {
        "solution": "# cell 6 of 14\n\ndef word_count(temp_text):\n    num_words = len(temp_text.split())\n    # num_words: the number of words in the string temp_text\n    return num_words",
        "label": "",
        "label_order1": "3",
        "label_order2": "3"
    },
    "student145": {
        "solution": "# cell 6 of 14\n\ndef word_count(temp_text):\n    '''Return the number of words'''\n    num_words=0\n    for words in temp_text.split() :\n        if words != ['.','!','?',':',';'] and  words != ' ' :\n            num_words = num_words + words.count(words)\n        \n    # num_words: the number of words in the string temp_text\n    return num_words",
        "label": "",
        "label_order1": "4",
        "label_order2": "4"
    },
    "student106": {
        "solution": "# cell 6 of 14\n\ndef word_count(temp_text):\n    '''Return the number of words'''\n    \n    num_words = 1\n    for index in range(len(temp_text)):\n        if (temp_text[index] == ' '):\n            num_words = num_words + 1\n    # num_words: the number of words in the string temp_text\n    return num_words\n\nprint(text)",
        "label": "",
        "label_order1": "1",
        "label_order2": "1"
    },
    "student208": {
        "solution": "# cell 6 of 14\n\ndef word_count(temp_text):\n    num_words = temp_text.count(' ') + 1\n    #'''Return the number of words'''\n    # num_words: the number of words in the string temp_text\n    return num_words",
        "label": "",
        "label_order1": "2",
        "label_order2": "2"
    },
    "student153": {
        "solution": "# cell 6 of 14\n\ndef word_count(temp_text):\n    '''Return the number of words'''\n    # num_words: the number of words in the string temp_text\n    return (len(temp_text.strip().split(\" \")))\n  #  return num_words",
        "label": "",
        "label_order1": "3",
        "label_order2": "3"
    },
    "student046": {
        "solution": "# cell 6 of 14\n\ndef word_count(temp_text):\n    '''Return the number of words'''\n    # num_words: the number of words in the string temp_text\n    num_words = temp_text.count(' ') + 1\n    return num_words",
        "label": "",
        "label_order1": "2",
        "label_order2": "2"
    },
    "student181": {
        "solution": "# cell 6 of 14\n\ndef word_count(temp_text):\n    '''Return the number of words'''\n    for num_words in range(len(temp_text)):\n        num_words = temp_text.count(' ')+1\n    # num_words: the number of words in the string temp_text\n    return num_words",
        "label": "",
        "label_order1": "2",
        "label_order2": "2"
    },
    "student180": {
        "solution": "# cell 6 of 14\n\ndef word_count(temp_text):\n    '''Return the number of words'''\n    num_words = temp_text.count(\" \") + 1\n    # num_words: the number of words in the string temp_text\n    return num_words\n\n",
        "label": "",
        "label_order1": "2",
        "label_order2": "2"
    },
    "student025": {
        "solution": "# cell 6 of 14\n\ndef word_count(temp_text):\n    '''Return the number of words'''\n    for words in temp_text: \n        words = temp_text.split()\n        num_words = len(words)\n    # num_words: the number of words in the string temp_text\n    return num_words",
        "label": "",
        "label_order1": "4",
        "label_order2": "4"
    },
    "student163": {
        "solution": "# cell 6 of 14\n\ndef word_count(temp_text):\n    '''Return the number of words'''\n    # num_words: the number of words in the string temp_text\n    num_words = (temp_text.count(' ')) + 1\n    return num_words",
        "label": "",
        "label_order1": "2",
        "label_order2": "2"
    },
    "student104": {
        "solution": "# cell 6 of 14\n\ndef word_count(temp_text):\n    '''Return the number of words'''\n    num_words = 0 \n    for word in temp_text.split():\n        num_words = num_words + 1\n         \n        \n    return num_words",
        "label": "",
        "label_order1": "4",
        "label_order2": "4"
    },
    "student047": {
        "solution": "# cell 6 of 14\n\ndef word_count(temp_text):\n    num_words = len(temp_text.split())\n    # num_words: the number of words in the string temp_text\n    print(te)\n    return num_words",
        "label": "",
        "label_order1": "3",
        "label_order2": "3"
    },
    "student021": {
        "solution": "# cell 6 of 14\n\ndef word_count(temp_text):\n    '''Return the number of words'''\n    F = temp_text.split()\n    num_words = len(F)\n    # num_words: the number of words in the string temp_text\n    return num_words",
        "label": "",
        "label_order1": "3",
        "label_order2": "3"
    },
    "student187": {
        "solution": "# cell 6 of 14\n\ndef word_count(temp_text):\n    '''Return the number of words'''\n    num_words=temp_text.count(' ')+1\n    # num_words: the number of words in the string temp_text\n    return num_words",
        "label": "",
        "label_order1": "2",
        "label_order2": "2"
    },
    "student076": {
        "solution": "# cell 6 of 14\n\ndef word_count(temp_text):\n    '''Return the number of words'''\n    num_words=len(temp_text.split(' '))\n    # num_words: the number of words in the string temp_text\n    return num_words",
        "label": "",
        "label_order1": "3",
        "label_order2": "3"
    },
    "student044": {
        "solution": "# cell 6 of 14\n\ndef word_count(temp_text):\n    '''Return the number of words'''\n    num_words= text.count(' ')+1# num_words: the number of words in the string temp_text\n    return num_words",
        "label": "",
        "label_order1": "2",
        "label_order2": "2"
    },
    "student028": {
        "solution": "# cell 6 of 14\n\ndef word_count(temp_text):\n    '''Return the number of words'''\n    spaces = temp_text.count(\" \")\n    num_words = spaces + 1\n    return num_words",
        "label": "",
        "label_order1": "2",
        "label_order2": "2"
    },
    "student064": {
        "solution": "# cell 6 of 14\n\ndef word_count(temp_text):\n    '''Return the number of words'''\n    num_words=len(text.split())# the number of words in the string temp_text\n    return num_words",
        "label": "",
        "label_order1": "3",
        "label_order2": "3"
    },
    "student125": {
        "solution": "# cell 6 of 14\n\ndef word_count(temp_text):\n    '''Return the number of words'''\n    # num_words: the number of words in the string temp_text\n    split_up = temp_text.split()\n    num_words = len(split_up)\n    return num_words",
        "label": "",
        "label_order1": "3",
        "label_order2": "3"
    },
    "student155": {
        "solution": "# cell 6 of 14\n\ndef word_count(temp_text):\n    '''Return the number of words'''\n    # num_words: the number of words in the string temp_text\n    a = temp_text.count(' ')\n    num_words=a+1\n    return num_words",
        "label": "",
        "label_order1": "2",
        "label_order2": "2"
    },
    "student011": {
        "solution": "# cell 6 of 14\n\ndef word_count(temp_text):\n    '''Return the number of words'''\n    # num_words: the number of words in the string temp_text\n    num_words = 1\n    for x in temp_text:\n        if x == ' ':\n            num_words = num_words + 1\n            \n    return num_words",
        "label": "",
        "label_order1": "1",
        "label_order2": "1"
    },
    "student127": {
        "solution": "# cell 6 of 14\n\ndef word_count(temp_text):\n    num_words = 0\n    for word in temp_text.split():\n        num_words += 1\n    '''Return the number of words'''\n    # num_words: the number of words in the string temp_text\n    return num_words",
        "label": "",
        "label_order1": "4",
        "label_order2": "4"
    },
    "student191": {
        "solution": "# cell 6 of 14\n\ndef word_count(temp_text):\n    '''Return the number of words'''\n    # num_words: the number of words in the string temp_text\n    num_words = temp_text.count (' ') +1\n    return num_words",
        "label": "",
        "label_order1": "2",
        "label_order2": "2"
    },
    "student146": {
        "solution": "# cell 6 of 14\n\ndef word_count(temp_text):\n    '''Return the number of words'''\n    num_words = temp_text.count(' ') + 1\n    # num_words: the number of words in the string temp_text\n    return num_words",
        "label": "",
        "label_order1": "2",
        "label_order2": "2"
    },
    "student002": {
        "solution": "# cell 6 of 14\n\ndef word_count(temp_text):\n    '''Return the number of words'''\n    num_words = len(temp_text.split())# num_words: the number of words in the string temp_text\n    return num_words",
        "label": "",
        "label_order1": "3",
        "label_order2": "3"
    },
    "student198": {
        "solution": "# cell 6 of 14\n\ndef word_count(temp_text):\n    '''Return the number of words'''\n    num_words = len(temp_text.split())\n    # num_words: the number of words in the string temp_text\n    return num_words",
        "label": "",
        "label_order1": "3",
        "label_order2": "3"
    },
    "student039": {
        "solution": "# cell 6 of 14\n\ndef word_count(temp_text):\n    '''Return the number of words'''\n    # num_words: the number of words in the string temp_text\n    num_words = 0\n    num_words += len(temp_text.split())\n    return num_words",
        "label": "",
        "label_order1": "3",
        "label_order2": "3"
    },
    "student066": {
        "solution": "# cell 6 of 14\n\ndef word_count(temp_text):\n    '''Return the number of words'''\n    num_words = len(temp_text.split(' '))\n    \n    return num_words",
        "label": "",
        "label_order1": "3",
        "label_order2": "3"
    },
    "student166": {
        "solution": "# cell 6 of 14\n\ndef word_count(temp_text):\n    '''Return the number of words'''\n    num_words = len(temp_text.split())\n    return num_words",
        "label": "",
        "label_order1": "3",
        "label_order2": "3"
    },
    "student087": {
        "solution": "# cell 6 of 14\n\ndef word_count(temp_text):\n    '''Return the number of words'''\n    list_words = list(temp_text.split())\n    num_words = len(list_words)\n    # num_words: the number of words in the string temp_text\n    return num_words",
        "label": "",
        "label_order1": "3",
        "label_order2": "3"
    },
    "student051": {
        "solution": "# cell 6 of 14\n\ndef word_count(temp_text):\n    '''Return the number of words'''\n    num_words = len(temp_text.split()) #the number of words in the string temp_text\n    return num_words",
        "label": "",
        "label_order1": "3",
        "label_order2": "3"
    },
    "student158": {
        "solution": "# cell 6 of 14\n\ndef word_count(temp_text):\n    '''Return the number of words'''\n    # num_words: the number of words in the string temp_text\n    num_words = len(temp_text.split())\n    return num_words",
        "label": "",
        "label_order1": "3",
        "label_order2": "3"
    },
    "student205": {
        "solution": "# cell 6 of 14\n\ndef word_count(temp_text):\n    '''Return the number of words'''\n    num_words = len(temp_text.split(' '))# num_words: the number of words in the string temp_text\n    return num_words",
        "label": "",
        "label_order1": "3",
        "label_order2": "3"
    },
    "student005": {
        "solution": "# cell 6 of 14\n\ndef word_count(temp_text):\n    '''Return the number of words'''\n    # num_words: the number of words in the string temp_text\n    num_words = 0\n    for i in temp_text:\n        if i == ' ':\n            num_words += 1\n    return num_words + 1",
        "label": "",
        "label_order1": "1",
        "label_order2": "1"
    },
    "student043": {
        "solution": "# cell 6 of 14\n\ndef word_count(temp_text):\n    '''Return the number of words'''\n    # num_words: the number of words in the string temp_text\n    num_words = 0\n    for text in temp_text.split():\n        for words in [' ']:\n            num_words += len(text.split())\n    return num_words",
        "label": "",
        "label_order1": "4",
        "label_order2": "4"
    },
    "student009": {
        "solution": "# cell 6 of 14\n\ndef word_count(temp_text):\n    '''Return the number of words'''\n    num_words = 0\n    for word in temp_text.split():\n        for space in [' ']:\n            num_words = num_words + word.count(space) + 1\n    \n    # num_words: the number of words in the string temp_text\n    return num_words\n",
        "label": "",
        "label_order1": "4",
        "label_order2": "4"
    },
    "student203": {
        "solution": "# cell 6 of 14\n\ndef word_count(temp_text):\n    num_words = temp_text.split(' ')\n    return len(num_words)\n    #'''Return the number of words'''\n    # num_words: the number of words in the string temp_text\n   ",
        "label": "",
        "label_order1": "3",
        "label_order2": "3"
    },
    "student014": {
        "solution": "# cell 6 of 14\n\ndef word_count(temp_text):\n    '''Return the number of words'''\n    # num_words: the number of words in the string temp_text\n    num_words = 0\n    for character in temp_text:\n        if character == ' ':\n            num_words = num_words + 1\n    return num_words + 1",
        "label": "",
        "label_order1": "1",
        "label_order2": "1"
    },
    "student020": {
        "solution": "# cell 6 of 14\n\ndef word_count(temp_text):\n    '''Return the number of words'''\n    num_words= temp_text.count(' ')+1 # num_words: the number of words in the string temp_text\n    return num_words",
        "label": "",
        "label_order1": "2",
        "label_order2": "2"
    },
    "student048": {
        "solution": "# cell 6 of 14\n\ndef word_count(temp_text):\n    '''Return the number of words'''\n    # num_words: the number of words in the string temp_text\n    num_words = temp_text.count(' ') +1\n    return num_words",
        "label": "",
        "label_order1": "2",
        "label_order2": "2"
    },
    "student161": {
        "solution": "# cell 6 of 14\n\ndef word_count(temp_text):\n    '''Return the number of words'''\n    # num_words: the number of words in the string temp_text\n    num_words = len(temp_text.split())\n    return num_words",
        "label": "",
        "label_order1": "3",
        "label_order2": "3"
    },
    "student105": {
        "solution": "# cell 6 of 14\n\ndef word_count(temp_text):\n    '''Return the number of words'''\n    # num_words: the number of words in the string temp_text\n    num_words = 1\n    for character in temp_text:\n        if character == \" \":\n            num_words = num_words + 1\n    return num_words",
        "label": "",
        "label_order1": "1",
        "label_order2": "1"
    },
    "student211": {
        "solution": "# cell 6 of 14\n\ndef word_count(temp_text):\n    '''Return the number of words'''\n    num_words = temp_text.count(' ') + 1\n    # num_words: the number of words in the string temp_text\n    return num_words",
        "label": "",
        "label_order1": "2",
        "label_order2": "2"
    },
    "student111": {
        "solution": "# cell 6 of 14\n\ndef word_count(temp_text):\n    '''Return the number of words'''\n    txt = temp_text.split()\n    num_words = len(txt)\n    \n    # num_words: the number of words in the string temp_text\n    return num_words\n",
        "label": "",
        "label_order1": "3",
        "label_order2": "3"
    },
    "student202": {
        "solution": "# cell 6 of 14\n\ndef word_count(temp_text):\n    '''Return the number of words'''\n    # num_words: the number of words in the string temp_text\n    num_words= temp_text.count(\" \") + 1\n    return num_words",
        "label": "",
        "label_order1": "2",
        "label_order2": "2"
    },
    "student094": {
        "solution": "# cell 6 of 14\n\ndef word_count(temp_text):\n    '''Return the number of words'''\n    # num_words: the number of words in the string temp_text\n    num_words = len(temp_text.split())\n    return num_words",
        "label": "",
        "label_order1": "3",
        "label_order2": "3"
    },
    "student080": {
        "solution": "# cell 6 of 14\n\ndef word_count(temp_text):\n    '''Return the number of words'''\n    # num_words: the number of words in the string temp_text\n    num_words = 1;\n    for letter in temp_text:\n        if(letter == ' '):\n            num_words += 1\n    \n    return num_words",
        "label": "",
        "label_order1": "1",
        "label_order2": "1"
    },
    "student117": {
        "solution": "# cell 6 of 14\n\ndef word_count(temp_text):\n    num_words= 0\n    for words in temp_text:\n        if words == ' ':\n            num_words = num_words+1\n    num_words= num_words +1\n    #'''Return the number of words'''\n    # num_words: the number of words in the string temp_text\n    return num_words",
        "label": "",
        "label_order1": "1",
        "label_order2": "1"
    },
    "student032": {
        "solution": "# cell 6 of 14\n\ndef word_count(temp_text):\n    '''Return the number of words'''\n    num_words = temp_text.count(' ') + temp_text.count('.') + temp_text.count('?') + temp_text.count('!') + temp_text.count(':') + temp_text.count(';')\n    # num_words: the number of words in the string temp_text\n    return num_words",
        "label": "",
        "label_order1": "4",
        "label_order2": "4"
    },
    "student143": {
        "solution": "# cell 6 of 14\n\ndef word_count(temp_text):\n    '''Return the number of words'''\n    # num_words: the number of words in the string temp_text\n    num_words = len(temp_text.split(' '))\n    return num_words",
        "label": "",
        "label_order1": "3",
        "label_order2": "3"
    },
    "student170": {
        "solution": "# cell 6 of 14\n\ndef word_count(temp_text):\n    '''Return the number of words'''\n    num_words = len(temp_text.split())\n    # num_words: the number of words in the string temp_text\n    return num_words",
        "label": "",
        "label_order1": "3",
        "label_order2": "3"
    },
    "student100": {
        "solution": "# cell 6 of 14\n\ndef word_count(temp_text):\n    '''Return the number of words'''\n    # num_words: the number of words in the string temp_text\n    #temp_text.split()\n    num_words = len(temp_text.split())\n    return num_words",
        "label": "",
        "label_order1": "3",
        "label_order2": "3"
    },
    "student154": {
        "solution": "# cell 6 of 14\n\ndef word_count(temp_text):\n    '''Return the number of words'''\n    # num_words: the number of words in the string temp_text\n    num_words= temp_text.count(' ') + 1\n    return num_words",
        "label": "",
        "label_order1": "2",
        "label_order2": "2"
    },
    "student169": {
        "solution": "# cell 6 of 14\n\ndef word_count(temp_text):\n    '''Return the number of words'''\n    num_words = temp_text.count(' ')+1 # num_words: the number of words in the string temp_text\n    return num_words",
        "label": "",
        "label_order1": "2",
        "label_order2": "2"
    },
    "student081": {
        "solution": "# cell 6 of 14\n\ndef word_count(temp_text):\n    '''Return the number of words'''\n    num_words = len(temp_text.split())\n    # num_words: the number of words in the string temp_text\n    return num_words",
        "label": "",
        "label_order1": "3",
        "label_order2": "3"
    },
    "student190": {
        "solution": "# cell 6 of 14\n\ndef word_count(temp_text):\n    num_words = 0\n    for space in temp_text:\n        if space == \" \":\n            num_words += 1\n    for punc in temp_text: \n        if punc == \".\":\n            num_words += 1\n        if punc == '!':\n            num_words += 1\n        if punc == \"?\":\n            num_words += 1\n        if punc == \":\":\n            num_words += 1\n        if punc == \";\":\n            num_words += 1\n      \n    '''Return the number of words'''\n    # num_words: the number of words in the string temp_text\n    return num_words",
        "label": "",
        "label_order1": "4",
        "label_order2": "4"
    },
    "student200": {
        "solution": "# cell 6 of 14\n\ndef word_count(temp_text):\n    '''Return the number of words'''\n    # num_words: the number of words in the string temp_text\n    num_words = len(temp_text.split()) \n    return num_words",
        "label": "",
        "label_order1": "3",
        "label_order2": "3"
    },
    "student052": {
        "solution": "# cell 6 of 14\n\ndef word_count(temp_text):\n    '''Return the number of words'''\n    # num_words: the number of words in the string temp_text\n    num_words=0\n    for i in temp_text:\n        if i == ' ':\n            num_words+=1\n        \n    return num_words+1",
        "label": "",
        "label_order1": "1",
        "label_order2": "1"
    },
    "student196": {
        "solution": "# cell 6 of 14\n\ndef word_count(temp_text):\n    num_words= len(temp_text.split())\n    # num_words: the number of words in the string temp_text\n    return num_words",
        "label": "",
        "label_order1": "3",
        "label_order2": "3"
    },
    "student077": {
        "solution": "# cell 6 of 14\n\ndef word_count(temp_text):\n    '''Return the number of words'''\n    # num_words: the number of words in the string temp_text\n    num_words= len(temp_text.split())\n        \n    return num_words",
        "label": "",
        "label_order1": "3",
        "label_order2": "3"
    },
    "student030": {
        "solution": "# cell 6 of 14\n\ndef word_count(temp_text):\n    '''Return the number of words'''\n    # num_words: the number of words in the string temp_text\n    for n in temp_text:\n        num_words=len(temp_text.split())\n    return num_words",
        "label": "",
        "label_order1": "4",
        "label_order2": "4"
    },
    "student084": {
        "solution": "# cell 6 of 14\n\ndef word_count(temp_text):\n    '''Return the number of words'''\n    # num_words: the number of words in the string temp_text\n    num_words = temp_text.count(\" \")+1\n    return num_words",
        "label": "",
        "label_order1": "2",
        "label_order2": "2"
    },
    "student074": {
        "solution": "# cell 6 of 14\n\ndef word_count(temp_text):\n    '''Return the number of words'''\n    frownyface = temp_text.split( )\n    num_words=len(frownyface)\n    # num_words: the number of words in the string temp_text\n    return num_words",
        "label": "",
        "label_order1": "3",
        "label_order2": "3"
    },
    "student007": {
        "solution": "# cell 6 of 14\n\ndef word_count(temp_text):\n    '''Return the number of words'''\n    # num_words: the number of words in the string temp_text\n    num_words = 0\n    for string in temp_text:\n        for word_end in [\" \",'!',\"?\",\".\"]:\n            num_words += string.count(word_end)\n    return num_words",
        "label": "",
        "label_order1": "4",
        "label_order2": "4"
    },
    "student147": {
        "solution": "# cell 6 of 14\n\ndef word_count(temp_text):\n    '''Return the number of words'''\n    num_words = 0 \n    num_words = (temp_text.count(' '))+1\n    return num_words\n\n# num_words: the number of words in the string temp_text",
        "label": "",
        "label_order1": "2",
        "label_order2": "2"
    },
    "student164": {
        "solution": "# cell 6 of 14\n\ndef word_count(temp_text):\n    '''Return the number of words'''\n    # num_words: the number of words in the string temp_text\n    num_words = 1\n    for i in temp_text:\n        if i == ' ':\n            num_words += 1\n    return num_words",
        "label": "",
        "label_order1": "1",
        "label_order2": "1"
    },
    "student072": {
        "solution": "# cell 6 of 14\n\ndef word_count(temp_text):\n    '''Return the number of words'''\n    num_words = temp_text.count(' ') + 1\n    return num_words",
        "label": "",
        "label_order1": "2",
        "label_order2": "2"
    },
    "student121": {
        "solution": "# cell 6 of 14\n\ndef word_count(temp_text):\n    '''Return the number of words'''\n    for words in text:\n        words = text.split()\n        num_words = len(words)\n   \n    # num_words: the number of words in the string temp_text\n    return num_words",
        "label": "",
        "label_order1": "4",
        "label_order2": "4"
    },
    "student082": {
        "solution": "# cell 6 of 14\n\ndef word_count(temp_text):\n    '''Return the number of words'''\n    # num_words: the number of words in the string temp_text\n    num_words = temp_text.count(' ') + 1\n        \n    return num_words",
        "label": "",
        "label_order1": "2",
        "label_order2": "2"
    },
    "student049": {
        "solution": "# cell 6 of 14\n\ndef word_count(temp_text):\n    num_words = len(temp_text.split()) \n    return num_words",
        "label": "",
        "label_order1": "3",
        "label_order2": "3"
    },
    "student089": {
        "solution": "# cell 6 of 14\n\ndef word_count(temp_text):\n    '''Return the number of words'''\n    num_words = 0\n    for word in temp_text.split(' '):\n        num_words += 1\n    # num_words: the number of words in the string temp_text\n    return num_words",
        "label": "",
        "label_order1": "4",
        "label_order2": "4"
    },
    "student088": {
        "solution": "# cell 6 of 14\n\ndef word_count(temp_text):\n    '''Return the number of words'''\n    num_words = temp_text.count(' ')+1\n    # num_words: the number of words in the string temp_text\n    return num_words",
        "label": "",
        "label_order1": "2",
        "label_order2": "2"
    },
    "student092": {
        "solution": "# cell 6 of 14\n\ndef word_count(temp_text):\n    words=temp_text.split()\n    num_words=len(words)\n    # num_words: the number of words in the string temp_text\n    return num_words",
        "label": "",
        "label_order1": "3",
        "label_order2": "3"
    },
    "student159": {
        "solution": "# cell 6 of 14\n\ndef word_count(temp_text):\n    '''Return the number of words'''\n    # num_words: the number of words in the string temp_text\n    num_words = temp_text.count(' ') + 1\n    return num_words",
        "label": "",
        "label_order1": "2",
        "label_order2": "2"
    },
    "student162": {
        "solution": "# cell 6 of 14\n\ndef word_count(temp_text):\n    '''Return the number of words'''\n    # num_words: the number of words in the string temp_text\n    num_words = len(temp_text.split())\n    return num_words",
        "label": "",
        "label_order1": "3",
        "label_order2": "3"
    },
    "student149": {
        "solution": "# cell 6 of 14\n\ndef word_count(temp_text):\n    '''Return the number of words'''\n    # num_words: the number of words in the string temp_text\n    return temp_text.count(' ') + 1",
        "label": "",
        "label_order1": "2",
        "label_order2": "2"
    },
    "student059": {
        "solution": "# cell 6 of 14\n\ndef word_count(temp_text):\n    num_words = 0\n    for word in temp_text.split():\n            num_words = num_words + 1\n    '''Return the number of words'''\n    # num_words: the number of words in the string temp_text\n    return num_words",
        "label": "",
        "label_order1": "4",
        "label_order2": "4"
    },
    "student097": {
        "solution": "# cell 6 of 14\n\ndef word_count(temp_text):\n    num_words=1\n    for space in temp_text:\n        if space == ' ':\n            num_words+=1\n    '''Return the number of words'''\n    # num_words: the number of words in the string temp_text\n    return num_words",
        "label": "",
        "label_order1": "1",
        "label_order2": "1"
    },
    "student101": {
        "solution": "# cell 6 of 14\n\ndef word_count(temp_text):\n    '''Return the number of words'''\n    num_words = 1\n    for words in temp_text:\n        if (words == ' ' ):\n            num_words += 1\n        \n    # num_words: the number of words in the string temp_text\n    return num_words",
        "label": "",
        "label_order1": "1",
        "label_order2": "1"
    },
    "student031": {
        "solution": "# cell 6 of 14\n\ndef word_count(temp_text):\n    '''Return the number of words'''\n    num_words = len(temp_text.split())\n    # num_words: the number of words in the string temp_text\n    return num_words",
        "label": "",
        "label_order1": "3",
        "label_order2": "3"
    },
    "student206": {
        "solution": "# cell 6 of 14\n\ndef word_count(temp_text):\n    '''Return the number of words'''\n    num_words = len(temp_text.split())\n    # num_words: the number of words in the string temp_text\n    return num_words",
        "label": "",
        "label_order1": "3",
        "label_order2": "3"
    },
    "student193": {
        "solution": "# cell 6 of 14\n\ndef word_count(temp_text):\n    '''Return the number of words'''\n    # num_words: the number of words in the string temp_text\n    num_words = len(temp_text.split())\n    return num_words",
        "label": "",
        "label_order1": "3",
        "label_order2": "3"
    },
    "student071": {
        "solution": "# cell 6 of 14\n\ndef word_count(temp_text):\n    #'''Return the number of words'''\n    # num_words: the number of words in the string temp_text\n    num_words = temp_text.count(' ')+1\n    return num_words",
        "label": "",
        "label_order1": "2",
        "label_order2": "2"
    },
    "student027": {
        "solution": "# cell 6 of 14\n\ndef word_count(temp_text):\n    m = temp_text.split(' ')\n    num_words = len(m)\n    # num_words: the number of words in the string temp_text\n    return num_words",
        "label": "",
        "label_order1": "3",
        "label_order2": "3"
    },
    "student144": {
        "solution": "# cell 6 of 14\n\ndef word_count(temp_text):\n    '''Return the number of words'''\n    # num_words: the number of words in the string temp_text\n    num_words = 0\n    for bup in temp_text:\n        if bup == ' ' or bup == '.' or bup == '?' or bup == '!' or bup == ';' or bup == ':':\n            num_words += 1\n    return num_words",
        "label": "",
        "label_order1": "4",
        "label_order2": "4"
    },
    "student204": {
        "solution": "# cell 6 of 14\n\ndef word_count(temp_text):\n    '''Return the number of words'''\n    num_words = temp_text.count(' ')+1\n    # num_words: the number of words in the string temp_text\n    return num_words",
        "label": "",
        "label_order1": "2",
        "label_order2": "2"
    },
    "student093": {
        "solution": "# cell 6 of 14\n\ndef word_count(temp_text):\n    '''Return the number of words'''\n    num_words= 0\n    for index in temp_text.split(' '):\n        num_words = num_words +1\n    # num_words: the number of words in the string temp_text\n    return num_words",
        "label": "",
        "label_order1": "4",
        "label_order2": "4"
    },
    "student010": {
        "solution": "# cell 6 of 14\n\ndef word_count(temp_text):\n    '''Return the number of words'''\n    num_words = temp_text.count(\" \")+1\n    return num_words",
        "label": "",
        "label_order1": "2",
        "label_order2": "2"
    },
    "student173": {
        "solution": "# cell 6 of 14\n\ndef word_count(temp_text):\n    num_words = temp_text.count(\" \") + 1\n    # num_words: the number of words in the string temp_text\n    return num_words",
        "label": "",
        "label_order1": "2",
        "label_order2": "2"
    },
    "student124": {
        "solution": "# cell 6 of 14\n\ndef word_count(temp_text):\n    '''Return the number of words'''\n    num_words = temp_text.count(' ') + 1\n    return num_words",
        "label": "",
        "label_order1": "2",
        "label_order2": "2"
    },
    "student001": {
        "solution": "# cell 6 of 14\n\ndef word_count(temp_text):\n    '''Return the number of words'''\n    num_words = 0    #the number of words in the string temp_text\n    for words in temp_text:\n        num_words = len(temp_text.split())\n    \n    \n    return num_words",
        "label": "",
        "label_order1": "4",
        "label_order2": "4"
    },
    "student165": {
        "solution": "# cell 6 of 14\n\ndef word_count(temp_text):\n    '''Return the number of words'''\n    # num_words: the number of words in the string temp_text\n    for x in range(len(temp_text)):\n        sentence=temp_text.split()\n        num_words=len(sentence)\n    return num_words",
        "label": "",
        "label_order1": "4",
        "label_order2": "4"
    },
    "student096": {
        "solution": "# cell 6 of 14\n\ndef word_count(temp_text):\n    '''Return the number of words'''\n    # num_words: the number of words in the string temp_text\n    first=0\n    for i in temp_text:\n        if i==' ':\n            num_words=temp_text.count(' ')+1\n            first+=1\n    return num_words",
        "label": "",
        "label_order1": "4",
        "label_order2": "4"
    },
    "student065": {
        "solution": "# cell 6 of 14\n\ndef word_count(temp_text):\n    '''Return the number of words'''\n    num_words = temp_text.count(' ') + 1\n    # num_words: the number of words in the string temp_text\n    return num_words",
        "label": "",
        "label_order1": "2",
        "label_order2": "2"
    },
    "student022": {
        "solution": "# cell 6 of 14\n\ndef word_count(temp_text):\n    num_words = 0\n    for word in temp_text.split(' '):\n        num_words += 1\n        \n    \n    return num_words",
        "label": "",
        "label_order1": "4",
        "label_order2": "4"
    },
    "student029": {
        "solution": "# cell 6 of 14\n\ndef word_count(temp_text):\n    '''Return the number of words'''\n    num_words = temp_text.count(' ')+1 # num_words: the number of words in the string temp_text\n    return num_words",
        "label": "",
        "label_order1": "2",
        "label_order2": "2"
    },
    "student040": {
        "solution": "# cell 6 of 14\n\ndef word_count(temp_text):\n    '''Return the number of words'''\n    num_words = temp_text.count(\" \") + 1\n    # num_words: the number of words in the string temp_text\n    return num_words",
        "label": "",
        "label_order1": "2",
        "label_order2": "2"
    },
    "student123": {
        "solution": "# cell 6 of 14\n\ndef word_count(temp_text):\n    '''Return the number of words'''\n    # num_words: the number of words in the string temp_text\n    list_words = temp_text.split(' ')\n    num_words = len(list_words)\n    return num_words",
        "label": "",
        "label_order1": "3",
        "label_order2": "3"
    },
    "student168": {
        "solution": "# cell 6 of 14\n\ndef word_count(temp_text):\n    num_words = temp_text.count(' ') +1\n    '''Return the number of words'''\n    # num_words: the number of words in the string temp_text\n    return num_words",
        "label": "",
        "label_order1": "2",
        "label_order2": "2"
    },
    "student112": {
        "solution": "# cell 6 of 14\n\ndef word_count(temp_text):\n    '''Return the number of words'''\n    num_words = 1\n    for space in temp_text:\n        if space == ' ':\n            num_words = num_words + 1\n        \n    # num_words: the number of words in the string temp_text\n    return num_words\n",
        "label": "",
        "label_order1": "1",
        "label_order2": "1"
    },
    "student073": {
        "solution": "# cell 6 of 14\n\ndef word_count(temp_text):\n    '''Return the number of words'''\n    num_words=0\n    for word in temp_text.split():\n        for word in [' ']:\n            num_words=num_words+word.count(word)\n    # num_words: the number of words in the string temp_text\n    return num_words",
        "label": "",
        "label_order1": "4",
        "label_order2": "4"
    },
    "student054": {
        "solution": "# cell 6 of 14\n\ndef word_count(temp_text):\n    '''Return the number of words'''\n    # num_words: the number of words in the string temp_text\n    num_words = 1\n    for words in temp_text:\n        if words==' ':\n            num_words += 1\n    return num_words",
        "label": "",
        "label_order1": "1",
        "label_order2": "1"
    },
    "student037": {
        "solution": "# cell 6 of 14\n\ndef word_count(temp_text):\n    '''Return the number of words'''\n    # num_words: the number of words in the string temp_text\n    num_words = 0\n    for word in temp_text.split():\n        #for words in [' ']:\n        #words = len(line.split())\n        num_words += len(word.split())\n    return num_words\n\n# my = 'hello world darling'\n# print(word_count(my))",
        "label": "",
        "label_order1": "4",
        "label_order2": "4"
    },
    "student090": {
        "solution": "# cell 6 of 14\n\ndef word_count(temp_text):\n    '''Return the number of words'''\n    num_words = temp_text.count(' ') + 1\n    return num_words",
        "label": "",
        "label_order1": "2",
        "label_order2": "2"
    },
    "student103": {
        "solution": "# cell 6 of 14\n\ndef word_count(temp_text):\n    '''Return the number of words'''\n    num_words = temp_text.count(' ') + 1\n    return num_words",
        "label": "",
        "label_order1": "2",
        "label_order2": "2"
    },
    "student035": {
        "solution": "# cell 6 of 14\n# num_words = 0\ndef word_count(temp_text):\n    '''Return the number of words'''\n    num_words = 1\n    for n in temp_text:\n        if (n == ' '):\n            num_words += 1\n#             print(num_words)\n        if (n != ' '):\n            continue\n    # num_words: the number of words in the string temp_text\n    return num_words",
        "label": "",
        "label_order1": "1",
        "label_order2": "1"
    },
    "student151": {
        "solution": "# cell 6 of 14\n\ndef word_count(temp_text):\n    '''Return the number of words'''\n    # num_words: the number of words in the string temp_text\n    num_words = len(temp_text.split())\n    return num_words",
        "label": "",
        "label_order1": "3",
        "label_order2": "3"
    },
    "student212": {
        "solution": "# cell 6 of 14\n\ndef word_count(temp_text):\n    '''Return the number of words'''\n    wordz = temp_text.split()\n    print(wordz)\n    num_words=len(wordz)\n    # num_words: the number of words in the string temp_text\n    return num_words",
        "label": "",
        "label_order1": "3",
        "label_order2": "3"
    },
    "student060": {
        "solution": "# cell 6 of 14\n\ndef word_count(temp_text):\n    '''Return the number of words'''\n    # num_words: the number of words in the string temp_text\n    \n    num_words = temp_text.count(' ') + 1\n    return num_words",
        "label": "",
        "label_order1": "2",
        "label_order2": "2"
    },
    "student210": {
        "solution": "# cell 6 of 14\n\ndef word_count(temp_text):\n    '''Return the number of words'''\n    # num_words: the number of words in the string temp_text\n    num_words = 1\n    for x in temp_text:\n        if x == ' ':\n            num_words += 1\n    return num_words",
        "label": "",
        "label_order1": "1",
        "label_order2": "1"
    },
    "student091": {
        "solution": "# cell 6 of 14\n\ndef word_count(temp_text):\n    '''Return the number of words'''\n    # num_words: the number of words in the string temp_text\n    words = temp_text.split(' ')\n    num_words = len(words)\n    return num_words",
        "label": "",
        "label_order1": "3",
        "label_order2": "3"
    },
    "student110": {
        "solution": "# cell 6 of 14\n\ndef word_count(temp_text):\n    '''Return the number of words'''\n    num_words = 0\n    num_words = temp_text.count(' ')+ 1\n    # num_words: the number of words in the string temp_text\n    return num_words",
        "label": "",
        "label_order1": "2",
        "label_order2": "2"
    },
    "student013": {
        "solution": "# cell 6 of 14\n\ndef word_count(temp_text):\n    num_words = 1\n    for i in temp_text:\n        if i == \" \":\n            num_words+=1\n    # num_words: the number of words in the string temp_text\n    return num_words",
        "label": "",
        "label_order1": "1",
        "label_order2": "1"
    },
    "student041": {
        "solution": "# cell 6 of 14\n\ndef word_count(temp_text):\n    '''Return the number of words'''\n    num_words = temp_text.count(\" \") + 1\n    return num_words",
        "label": "",
        "label_order1": "2",
        "label_order2": "2"
    },
    "student098": {
        "solution": "# cell 6 of 14\n\ndef word_count(temp_text):\n    num_words = 1 #'''Return the number of words'''\n    for i in range(len(temp_text)):\n        if(temp_text[i] == ' '):\n            num_words +=1\n    # num_words: the number of words in the string temp_text\n    return num_words",
        "label": "",
        "label_order1": "1",
        "label_order2": "1"
    },
    "student109": {
        "solution": "# cell 6 of 14\n\ndef word_count(temp_text):\n    '''Return the number of words'''\n    num_words = 1\n    for i in temp_text:\n        if i == \" \":\n            num_words += 1\n    # num_words: the number of words in the string temp_text\n    return num_words",
        "label": "",
        "label_order1": "1",
        "label_order2": "1"
    },
    "student004": {
        "solution": "# cell 6 of 14\n\ndef word_count(temp_text):\n    '''Return the number of words'''\n    # num_words: the number of words in the string temp_text\n    num_words = len(temp_text.split())\n    return num_words",
        "label": "",
        "label_order1": "3",
        "label_order2": "3"
    },
    "student045": {
        "solution": "# cell 6 of 14\n\ndef word_count(temp_text):\n    '''Return the number of words'''\n    num_words = temp_text.count(\" \")+1\n    \n    # num_words: the number of words in the string temp_text\n    return num_words",
        "label": "",
        "label_order1": "2",
        "label_order2": "2"
    },
    "student114": {
        "solution": "# cell 6 of 14\n\ndef word_count(temp_text):\n    '''Return the number of words'''\n    # num_words: the number of words in the string temp_text\n    num_words = 0\n    for word in temp_text.split(\" \"):\n        num_words += 1\n    \n    return num_words",
        "label": "",
        "label_order1": "4",
        "label_order2": "4"
    },
    "student207": {
        "solution": "# cell 6 of 14\n\ndef word_count(temp_text):\n    '''Return the number of words'''\n    num_words = len(temp_text.split())# num_words: the number of words in the string temp_text\n    return num_words",
        "label": "",
        "label_order1": "3",
        "label_order2": "3"
    },
    "student008": {
        "solution": "# cell 6 of 14\n\ndef word_count(temp_text):\n    '''Return the number of words'''\n    # num_words: the number of words in the string temp_text\n    num_words = 1\n    for i in temp_text:\n        if i == ' ':\n            num_words = num_words + 1\n    return num_words",
        "label": "",
        "label_order1": "1",
        "label_order2": "1"
    },
    "student019": {
        "solution": "# cell 6 of 14\n\ndef word_count(temp_text):\n    '''Return the number of words'''\n    # num_words: the number of words in the string temp_text\n    words = temp_text.split(' ')\n    num_words= len(words)\n    return num_words",
        "label": "",
        "label_order1": "3",
        "label_order2": "3"
    },
    "student061": {
        "solution": "# cell 6 of 14\n\ndef word_count(temp_text):\n    '''Return the number of words'''\n    # num_words: the number of words in the string temp_text\n    num_words = 0\n    for word in temp_text.split():\n        for words in [' ']:\n            num_words = num_words + word.count(words) + 1\n    return num_words",
        "label": "",
        "label_order1": "4",
        "label_order2": "4"
    },
    "student036": {
        "solution": "# cell 6 of 14\n\ndef word_count(temp_text):\n    # '''Return the number of words'''\n    num_spaces = text.count(' ')\n    num_words = num_spaces +1\n    # num_words: the number of words in the string temp_text\n    return num_words",
        "label": "",
        "label_order1": "2",
        "label_order2": "2"
    },
    "student016": {
        "solution": "# cell 6 of 14\n\ndef word_count(temp_text):\n    \n    num_words = len(temp_text.split())\n    \n    return num_words",
        "label": "",
        "label_order1": "3",
        "label_order2": "3"
    },
    "student003": {
        "solution": "# cell 6 of 14\n\ndef word_count(temp_text):\n    '''Return the number of words'''\n    # num_words: the number of words in the string temp_text\n    num_words = 0\n    for word in temp_text.split():\n        num_words += 1\n    return num_words",
        "label": "",
        "label_order1": "4",
        "label_order2": "4"
    },
    "student056": {
        "solution": "# cell 6 of 14\n\ndef word_count(num_words):\n    '''Return the number of words'''\n    # num_words: the number of words in the string temp_text\n    num_words = text.count(' ') + 1\n    return num_words",
        "label": "",
        "label_order1": "2",
        "label_order2": "2"
    },
    "student095": {
        "solution": "# cell 6 of 14\n\ndef word_count(temp_text):\n    '''Return the number of words'''\n    # num_words: the number of words in the string temp_text\n    num_words=len(temp_text.split())\n    return num_words",
        "label": "",
        "label_order1": "3",
        "label_order2": "3"
    },
    "student188": {
        "solution": "# cell 6 of 14\n\ndef word_count(temp_text):\n    '''Return the number of words'''\n    # num_words: the number of words in the string temp_text\n    num_words = 0\n    for word in temp_text.split():\n        for words in [word]:\n            num_words = num_words + word.count(words)\n    return num_words",
        "label": "",
        "label_order1": "4",
        "label_order2": "4"
    },
    "student209": {
        "solution": "# cell 6 of 14\n\ndef word_count(temp_text):\n    '''Return the number of words'''\n    num_words = len(temp_text.split())\n    # num_words: the number of words in the string temp_text\n    return num_words",
        "label": "",
        "label_order1": "3",
        "label_order2": "3"
    },
    "student083": {
        "solution": "# cell 6 of 14\n\ndef word_count(temp_text):\n    '''Return the number of words'''\n    # num_words: the number of words in the string temp_text\n    num_words = temp_text.count(\" \") + 1\n    return num_words",
        "label": "",
        "label_order1": "2",
        "label_order2": "2"
    },
    "student167": {
        "solution": "# cell 6 of 14\n\ndef word_count(temp_text):\n    '''Return the number of words'''\n    num_words = temp_text.count(' ') + temp_text.count('.') + temp_text.count('?') + temp_text.count('!')\n    # num_words: the number of words in the string temp_text\n    return num_words",
        "label": "",
        "label_order1": "4",
        "label_order2": "4"
    },
    "student213": {
        "solution": "# cell 6 of 14\n\ndef word_count(temp_text):\n    '''Return the number of words'''\n    # num_words: the number of words in the string temp_text\n    num_words = len(temp_text.split())\n    return num_words",
        "label": "",
        "label_order1": "3",
        "label_order2": "3"
    },
    "student122": {
        "solution": "# cell 6 of 14\n\ndef word_count(text):\n    '''Return the number of words'''\n    num_words = 1 + text.count(' ')\n    return num_words",
        "label": "",
        "label_order1": "2",
        "label_order2": "2"
    },
    "student050": {
        "solution": "# cell 6 of 14\n\ndef word_count(temp_text):\n    num_words = temp_text.count(\" \") + sentence_count(temp_text)\n    return num_words",
        "label": "",
        "label_order1": "2",
        "label_order2": "2"
    },
    "student107": {
        "solution": "# cell 6 of 14\n\ndef word_count(temp_text):\n    num_words = 1\n    space = \" \"\n    for index in range(0,len(temp_text)):\n        if temp_text[index] in space: \n            num_words += 1\n    num_words+1\n    return num_words",
        "label": "",
        "label_order1": "1",
        "label_order2": "1"
    },
    "student115": {
        "solution": "# cell 6 of 14\n\ndef word_count(temp_text):\n    '''Return the number of words'''\n    # num_words: the number of words in the string temp_text\n    num_words = temp_text.count(' ') + 1\n    return num_words",
        "label": "",
        "label_order1": "2",
        "label_order2": "2"
    },
    "student160": {
        "solution": "# cell 6 of 14\n\ndef word_count(temp_text):\n    '''Return the number of words'''\n    # num_words: the number of words in the string temp_text\n    num_words = temp_text.count(' ')+1\n    return num_words",
        "label": "",
        "label_order1": "2",
        "label_order2": "2"
    },
    "student150": {
        "solution": "# cell 6 of 14\n\ndef word_count(temp_text):\n    '''Return the number of words'''\n    num_words = temp_text.count(\" \") +1\n    # num_words: the number of words in the string temp_text\n    return num_words",
        "label": "",
        "label_order1": "2",
        "label_order2": "2"
    },
    "student024": {
        "solution": "# cell 6 of 14\n\ndef word_count(temp_text):\n    '''Return the number of words'''\n    # num_words: the number of words in the string temp_text\n    num_words1 = 0\n    for x in temp_text:\n        if x==' ':\n            num_words1+=1\n        num_words = num_words1 + 1\n    return num_words",
        "label": "",
        "label_order1": "1",
        "label_order2": "1"
    },
    "student201": {
        "solution": "# cell 6 of 14\n\ndef word_count(temp_text):\n    '''Return the number of words'''\n    words=temp_text.split()\n    num_words=len(words)\n    # num_words: the number of words in the string temp_text\n    return num_words",
        "label": "",
        "label_order1": "3",
        "label_order2": "3"
    },
    "student129": {
        "solution": "# cell 6 of 14\n\ndef word_count(temp_text):\n    '''Return the number of words'''\n    # num_words: the number of words in the string temp_text\n    num_words = temp_text.count(' ') + 1\n        \n    return num_words",
        "label": "",
        "label_order1": "2",
        "label_order2": "2"
    },
    "student148": {
        "solution": "# cell 6 of 14\n\ndef word_count(temp_text):\n    '''Return the number of words'''\n    num_words = len(temp_text.split())\n    # num_words: the number of words in the string temp_text\n    return num_words",
        "label": "",
        "label_order1": "3",
        "label_order2": "3"
    },
    "student157": {
        "solution": "# cell 6 of 14\n\ndef word_count(temp_text):\n    '''Return the number of words'''\n    # num_words: the number of words in the string temp_text\n    \n    var1 = temp_text.split()\n    num_words = len(var1)\n    \n    \n    return num_words",
        "label": "",
        "label_order1": "3",
        "label_order2": "3"
    },
    "student174": {
        "solution": "# cell 6 of 14\n\ndef word_count(temp_text):\n    '''Return the number of words'''\n    num_words = temp_text.count(' ') + 1 # num_words: the number of words in the string temp_text\n    return num_words",
        "label": "",
        "label_order1": "2",
        "label_order2": "2"
    },
    "student079": {
        "solution": "# cell 6 of 14\n\ndef word_count(temp_text):\n    '''Return the number of words'''\n    list_of_words = temp_text.split(' ')\n    num_words = len(list_of_words)\n    # num_words: the number of words in the string temp_text\n    return num_words",
        "label": "",
        "label_order1": "3",
        "label_order2": "3"
    }
}